Long Term Financing of Working Capital,Working Capital Requirement,Debt Cash Flow Coverage Ratio,Liability to Equity,Net Debt to Equity Ratio,Debt to Capital Ratio,Long Term Debt to Asset,Long Term Debt to Tangible Asset,Interest Coverage Ratio,Net Profit Margin,Gross Profit Margin,Return on Invested Capital,Return on Equity,Fixed Asset to Debt Ratio,Short Term Debt to Sales Ratio,Expense to Revenue Ratio,Fixed Asset Turnover,Collateral,Firm Size,Default
18.53537594,70.22427243,2.221803061,0.40883637,0.345155095,0.05572586,3.340584994,2.923487637,1.068477262,0.148901812,0.753039691,0.162914628,0.599506403,0.390592886,2.558738739,0.581808735,0.308664046,91.63073984,597.1171536,No
1.267585734,68.54261652,2.275504914,0.15223889,0.098784928,0.212008774,5.739963489,1.060994961,3.68E-04,0.033248856,0.097174706,0.600699862,0.113055814,2.44857354,6.783701994,0.30002437,0.459017324,26.89582461,473.1296442,Yes
26.77027484,7.495582398,0.842668425,0.470291254,1.186107893,0.07337919,2.640507227,1.058286944,0.227850823,0.169471959,0.678590967,0.071965763,0.10832212,1.854344278,5.192792941,0.851201701,0.526826437,96.27475481,449.3781086,No
5.789436694,17.87974611,1.365121909,0.04561068,0.138333252,0.01008267,1.122648089,0.274470762,0.187072878,0.1425225,0.660062498,0.119738515,1.52E-04,3.136485777,3.810740774,2.59825931,0.451532045,17.56285777,86.25220351,No
11.86375945,5.16401997,0.061462773,0.102421455,0.046648901,0.042453047,5.229772979,0.298342823,0.121795264,0.09128587,0.317358485,0.128426766,0.075309683,0.065888478,0.109291756,0.086589955,0.57903494,13.92129306,90.90343827,Yes
6.661008901,16.89801917,2.093160323,0.107332433,0.117014259,0.06441665,0.025745955,0.462462295,1.64861389,0.046739342,0.358470509,0.014305599,0.079414208,2.911381886,0.558975522,0.250540233,0.203069265,14.92330844,419.9391441,No
3.198060677,102.5580107,0.406414848,0.069390378,0.112582046,0.070632477,1.762569693,1.323354334,0.710774784,0.046164532,0.417133375,0.049040046,0.222945926,1.245527982,3.632590328,0.483966625,0.21294507,14.62216288,193.7773952,Yes
1.925898372,42.52759096,1.908583752,0.025794137,0.488042873,0.012419158,5.006344676,0.62207699,0.176690589,0.043443424,0.163317596,0.209642052,0.004991188,1.13766343,4.039769862,0.163943266,0.473821025,34.57115553,282.8242756,No
2.49664382,24.83481033,2.138333702,0.012360869,0.377009463,0.018523624,3.783703601,0.446470292,0.527453741,0.021966882,0.062580994,0.282240623,0.077878114,0.739151463,0.526579457,0.141340186,0.437537251,23.09360386,278.2589581,No
5.426917584,52.88629781,4.326900035,0.122796354,0.304468853,0.009272793,0.007473696,0.700573456,0.649388831,0.125238807,0.005002298,0.440356959,0.183785015,1.492027389,1.500582395,0.269531813,0.310065632,2.977747417,516.7434846,No
0.629708139,32.12766444,3.453522349,0.070224528,0.049437054,0.04126055,0.838450602,0.452522507,0.064703213,0.101632325,0.383134103,0.18365143,0.244412949,1.279553015,3.528694964,0.261497416,0.029465687,53.06294287,150.808174,Yes
4.185798487,44.36510566,3.504152905,0.046952705,0.241293412,0.228362226,1.843899618,1.287677207,1.429794199,0.092793121,0.057536408,0.111318122,0.239588152,0.868418006,4.024434988,0.430397712,0.572077104,0.369301554,101.1494019,No
6.822108687,32.54319839,0.783533938,0.024303489,0.343087223,0.203548128,0.164577967,1.191523174,2.117305472,0.02186724,0.108896963,0.20376142,0.020021114,3.10545863,0.453499385,0.104794498,0.499430531,0.712560042,358.7906205,Yes
2.937198002,38.9996477,0.510445148,0.100870651,0.167196009,0.306607641,1.193671241,0.809051279,0.336532117,0.061441009,0.14092199,0.099339562,0.132468511,4.001534898,2.382983402,0.300232404,0.153388141,26.64062051,391.7224819,No
5.048194999,14.6500598,1.008090674,0.135877287,0.338252112,0.088049537,1.365067437,0.333709796,0.693520503,0.065643596,0.303456826,0.002398693,0.035154242,0.760313793,2.493774866,0.158217281,0.299916454,14.60298664,246.297195,Yes
7.995339254,29.12331294,3.520988963,0.131513817,0.333144463,0.119420934,1.313016827,0.787135251,1.309435128,0.035398498,0.112316108,0.038858298,0.012814004,1.098469468,0.422239326,0.170189967,0.23265579,13.40867475,90.70264282,No
1.536114471,24.94588434,2.626365522,0.11236414,0.633764017,0.19808474,0.373194991,0.071603192,1.12485145,0.027663338,0.448219873,0.247253717,0.126723494,1.773360472,0.276526184,0.267473018,0.483897511,7.228643004,276.3864061,No
2.404198164,38.76608967,0.889117718,0.072418349,0.12102548,0.145243794,2.081009936,1.045626839,0.111199387,0.038330148,0.150120661,0.142719131,0.003215326,3.345109602,0.917275,0.080944587,0.246842875,2.759711211,379.168404,No
5.968947622,49.4707053,1.09725801,0.034285756,0.426229076,0.351127745,1.007918869,1.333053474,2.174901414,0.039796925,0.301589615,0.177775587,0.166210457,0.607155476,1.384239343,0.199208931,0.189406053,4.734549943,17.53497529,No
3.681698325,0.919803361,2.012973812,0.201929111,0.342914881,0.170966615,0.143382933,1.793481479,2.43483893,0.039115595,0.065401434,0.422968854,0.097631424,1.49146258,2.461758243,0.411054426,0.432184422,15.31106941,87.40456606,No
1.708623543,76.66449044,1.41892294,0.065395372,0.612765717,0.066029284,2.142889438,0.898687193,0.591610988,0.043405592,0.00570158,0.073254228,0.344450854,1.268406445,0.42147339,0.487051852,0.131565389,2.547778098,25.56123238,No
1.638026431,23.25605231,1.788349563,0.031276297,0.639771268,0.178616752,0.987358872,0.543138525,1.554351874,0.035214439,0.219900966,0.001074028,0.336648483,2.048250664,0.093165991,0.18714205,0.694569932,9.998415271,174.6412707,No
3.739169198,6.042762552,0.709822287,0.227029099,0.022104846,0.045007203,0.342988333,0.183496371,0.359967373,0.04585569,0.062881748,0.292047085,0.111968947,3.46388731,0.455989592,0.128534304,0.093152804,14.50099044,458.3357208,Yes
3.732589239,21.60775637,2.340486579,0.003494258,0.530532535,0.106196934,2.543071368,0.592471094,1.128230648,0.160436687,0.016312536,0.222981906,0.082199212,1.752256836,3.43568012,0.361104767,0.304465657,26.56917283,132.9985919,No
2.2510687,63.81810672,3.386062244,0.040430332,0.028691721,0.083322609,0.541872786,1.882439515,0.197775124,0.002742869,0.325335998,0.236609453,0.02548991,0.866913041,0.208852791,0.488536771,1.037690183,20.96746511,376.4634847,No
1.31438795,15.99225377,0.492494294,0.002035735,0.045798138,0.059647982,1.605245405,1.156139352,0.896974801,0.029596826,0.219669875,0.307097912,0.112408002,4.277002362,0.631147551,0.431642129,0.143138557,44.60970442,288.8024598,No
1.470799847,18.12775873,2.397474254,0.041404682,0.020988279,0.008139663,4.159017768,0.519609719,1.59696483,0.051263292,0.247627869,0.195924692,0.122445531,0.870611518,3.554665115,0.08393358,0.202386806,4.039221086,169.4626161,No
3.228547267,66.00572558,1.67188824,0.149597268,0.299660028,0.080783529,0.00648966,0.320617292,0.02186937,0.124448554,0.179356254,0.165278702,0.008261827,1.632161792,2.767815156,0.76584015,0.857464545,12.47659341,125.6160732,No
6.467750869,93.01184783,0.899628585,0.048676228,0.50507864,0.073792241,3.141451866,0.070094382,0.466520103,0.019676978,0.130734859,0.190138338,0.06080802,0.364626594,0.990026386,0.073545224,0.606224678,1.011903656,64.19416714,No
0.861615346,104.6115126,1.329190588,0.10354582,0.8134557,0.029143253,1.864264651,0.382678713,0.60555448,0.001476554,0.385162605,0.519157834,0.070356802,3.86650885,0.448258267,0.067546007,0.533236,0.037366955,79.10378613,No
0.686935599,62.82066915,2.718053278,0.027587424,0.442753423,0.067134636,4.772524191,1.066261934,1.217404633,0.007785264,0.029134292,0.428073128,0.056353122,1.734635571,4.032690002,0.072090497,0.245670247,29.01571473,321.5192129,Yes
1.051720848,15.83753751,2.113699,0.019264193,0.322226956,0.127766082,1.995471867,0.95564254,1.155188121,0.052141168,0.092046005,0.350014663,0.035791768,1.407277267,0.684749582,0.234703579,0.424819481,55.99426543,152.7487421,No
8.144506832,0.982282838,2.270319438,0.008534861,0.667055433,0.109687351,5.027143776,2.004142876,0.453510397,0.136398594,0.302946923,0.005779518,0.44672204,3.725173793,3.162448245,0.368271338,0.386268896,22.5821082,87.90837715,No
0.42782445,57.14905634,0.947933114,0.080593945,0.132440157,0.044669115,1.268391212,0.250164136,1.056046278,0.024123711,0.149193258,0.280796685,0.025156266,1.000325781,4.093221656,0.21943944,0.083209087,4.353191729,294.3696743,No
0.43373309,29.87640752,0.223671034,0.052863596,0.064452086,0.030660101,1.985415402,0.161100156,0.547537576,0.003127204,0.237995684,0.145426077,0.101537659,1.406902311,3.605544933,0.66268836,0.467091308,1.701935487,657.4300932,No
2.412708474,26.08135393,2.607982603,0.059766507,0.268104261,0.087457091,2.346566154,1.075062833,1.208145292,0.090685108,0.076460833,0.096621129,0.069281847,0.421162845,0.809638225,0.094885005,0.182410671,4.632372873,158.3460392,No
7.401112005,65.45693026,1.559286171,0.102048207,0.296607997,0.128701829,3.944069843,0.275159191,0.776909903,0.027655792,0.286426144,0.158761729,0.06078287,1.063535032,0.123720977,0.448722808,0.242071019,13.89188608,132.4628257,No
0.792049346,101.0560275,0.562069836,0.247838567,0.174224955,0.03726271,0.14298661,1.521919651,0.615384558,0.0304228,0.420465199,0.191267128,0.144350929,0.301186126,1.204828361,0.16760969,0.523703547,1.227874901,520.5213272,No
2.291656043,8.851977351,1.777967431,0.106577448,0.182553029,0.134908806,1.289396233,0.94635705,0.472533032,0.025539025,0.406465719,0.128346013,0.299389001,1.542175718,0.053177443,0.096076999,0.002483719,1.854695772,159.8842844,No
1.960517541,86.40794631,1.110451973,0.048225597,0.12541436,0.013967483,2.02795601,0.341778202,1.662680516,0.005700496,0.089181102,0.027935574,0.083526063,1.925647451,3.002214365,0.290269877,0.24350949,27.42435432,568.3825131,No
3.403315014,31.33454405,1.147397145,0.252805154,0.291358613,0.121371144,2.173094816,0.63290615,0.672211805,0.008111829,0.216964519,0.25892043,0.076092395,1.212514616,1.805763017,0.18583303,0.326775294,8.57440504,44.50867732,Yes
5.707707889,42.36069667,1.70149907,0.056812893,0.445227388,0.364061148,2.137772674,1.619723296,1.16256102,0.020525422,0.136551786,0.248235759,0.220582473,0.898525204,1.609423704,0.446278701,0.005208029,7.373433625,284.265562,Yes
3.046517113,1.113461334,0.353204683,0.052441192,0.026793794,0.069274669,0.636055867,1.289786102,0.434760534,0.044852256,0.196569204,0.186915895,0.031979141,3.077874876,0.861518347,0.421235161,0.058128098,30.67496551,235.3737107,Yes
3.903387245,63.15198639,1.03249889,0.177039289,0.284827742,0.204917612,1.290001647,0.681858278,0.140372961,0.011761397,0.18910646,0.017116337,0.065128495,3.066989123,2.286364779,0.047996898,0.478589448,2.456223887,543.14547,Yes
2.612456671,8.974299957,0.157958384,0.211914742,0.038177035,0.059666884,0.510342087,1.130290523,0.453065282,0.054660795,0.210647544,0.007873323,0.244520171,0.744234726,0.247106332,0.071531054,0.086679095,30.83349761,47.67457663,Yes
4.328701204,16.96498927,0.573239424,0.203233593,0.259527925,0.013308976,2.421351076,1.202093951,0.396750387,0.090043648,0.075867219,0.070053739,0.056345873,0.973891422,2.272892554,0.185672461,0.729059848,0.686701121,461.008768,Yes
4.418368337,4.821852183,0.044528644,0.06316998,0.029446328,0.159566439,1.414356946,1.016795104,1.393886262,0.027460828,0.089762165,0.119145381,0.324365728,0.10673698,4.182307128,0.639874868,0.171125113,26.53265989,12.95439818,No
9.1625397,71.45460809,3.595808306,0.053380062,0.256805416,0.04378764,0.780668399,0.675694469,1.007983784,0.066977041,0.024151228,0.144426224,0.517644745,1.406878829,0.144975547,0.492741476,0.427218406,26.00239612,434.8852757,No
3.491398555,1.354356816,0.165537381,0.002931066,0.357056739,0.016188794,3.563955729,0.291563346,0.70426607,0.007869486,0.402758774,0.688520825,0.182637152,1.561992231,1.248406725,0.378311295,0.094554881,3.565791164,120.369406,No
1.589580009,57.04044191,0.077633108,0.249597219,0.78230309,0.23934479,2.846082026,0.03513579,0.700250139,0.051471031,0.152439149,0.200789859,0.114584882,1.020058247,3.487088318,0.024714213,0.547367008,5.241616231,124.1014738,No
0.941935568,18.41066407,2.449398567,0.150896407,0.357931858,0.136410889,1.755258036,2.088351226,0.612212121,0.112924232,0.222511319,0.436823022,0.049764967,2.650409109,1.044445761,0.275926487,0.3988557,10.84594982,365.405146,Yes
13.50999081,77.91276675,0.597218187,0.030817368,0.008162327,0.023908897,2.064757318,0.150133075,1.089722695,0.10080915,0.246590958,0.304761774,0.306717112,0.614897631,1.27448497,0.072252947,0.009048649,3.634228727,167.4362516,No
0.934080759,1.018928052,1.342789671,0.018514846,0.409230071,0.061615322,2.523501013,0.56284386,0.895284875,0.036665486,0.386860688,0.19171819,0.148866911,0.106684743,2.837936284,0.2960254,0.630027481,19.52057098,21.96972309,No
6.945002158,23.47639363,1.216462783,0.004776055,0.0593937,0.00338159,0.954080074,1.531224879,2.448517915,0.056003179,0.07130854,0.129383932,0.221920201,2.872202458,4.0390324,0.141515659,0.975210324,14.72489999,41.3202656,No
7.677937899,95.29385255,1.393510086,0.077292118,0.606052652,0.061761369,2.094976611,0.814526222,0.728843057,0.123805045,0.121309964,0.151734188,0.099344247,2.532646084,1.323834353,0.205119317,0.088603985,5.278029974,224.662912,No
0.29566501,32.54456685,0.781874415,0.049412978,0.231190339,0.126345482,1.291686073,1.04691876,1.277254711,0.048048874,0.017915123,0.128691377,0.043992314,1.127060155,1.417157357,0.142575381,0.19508925,36.45107167,77.90014526,No
7.321272871,59.66746406,0.463314342,0.066728408,0.314006239,0.164736753,1.628003103,0.951331024,1.125606404,0.037656498,0.13335485,0.317188305,0.223049042,2.171133782,0.403279357,0.19288949,0.285911102,6.877194789,197.3433989,No
3.659027184,8.780610886,4.486188053,0.102326788,0.348974693,0.182759341,5.220098617,1.011267231,0.632003679,0.054284392,0.30304072,0.686855818,0.155108598,0.169228027,3.947837576,0.39169124,0.113079734,8.564970113,107.4234728,No
3.600817397,83.70142039,0.8083577,0.113411375,0.449953951,0.006825526,4.154337045,1.021296952,0.602228334,0.016661782,0.016619568,0.340035732,0.024119139,3.438100839,0.470011808,0.470273078,0.196568068,11.02662798,519.8366642,No
5.054593501,149.303711,5.279300898,0.089164895,0.166490652,0.175416272,0.102613728,0.98661321,0.491491151,0.081599822,0.062858188,0.064374891,0.404566708,2.027658294,5.059660032,0.075171053,0.154398201,8.686815405,200.8874434,Yes
3.261883305,89.06421901,0.946556125,0.084204857,0.126213837,0.264754726,2.861881614,1.029855942,0.234208668,0.068890251,0.063172138,0.163938741,0.24631095,3.232507954,0.579613395,0.436012368,0.404241227,8.849294869,346.2233693,No
2.88241464,28.32942785,4.963213132,0.111167637,0.465348907,0.059802595,0.540559668,1.2876848,0.279068433,0.053817652,0.405057202,0.53131974,0.07880677,1.236184324,1.25820872,0.268167718,0.219906529,17.58523569,297.9798948,No
6.27942376,32.47427544,0.126924742,0.077160274,0.208431858,0.21153309,0.973440951,1.289907273,1.744569182,0.016678391,0.052955336,0.088911022,0.001474616,3.883004382,1.192415018,0.2059261,0.022479868,17.02315222,193.1034712,No
1.649645049,36.85476222,0.057303231,0.111818308,0.654478783,0.080325488,0.237419572,0.67547205,1.342275038,0.063980744,0.160722304,0.400236166,0.287028098,0.247078548,1.963072244,0.187306287,0.209920771,42.42699653,221.4440648,No
1.973904024,29.417849,4.080391693,0.027423074,0.130185867,0.064207317,1.298697826,0.196189685,1.320923263,0.01228897,0.043343228,0.186375833,0.03448222,1.727815836,1.550186993,0.176568402,0.572572125,23.50285446,250.6350678,Yes
1.86532335,20.10272263,0.673929442,0.055631246,0.053768533,0.052618658,0.80245918,0.679176256,1.384809631,0.023368652,0.001042336,0.237178134,0.428657747,2.157245606,1.401755931,0.217617643,0.23004346,14.57079038,22.47928055,No
4.94780404,18.61490617,1.17585144,0.031033046,0.048094694,0.101571661,2.038691468,0.095837966,2.343421783,0.038048527,0.007482145,0.10518881,0.222515332,1.116340537,2.169101408,0.448052949,0.292681048,2.231936172,311.1815058,No
0.868456039,23.66359374,0.134200792,0.106438722,0.40959793,0.101661141,2.137176782,1.653754025,0.010701975,0.071716595,0.418446973,0.423666715,0.067972063,0.696173652,1.046732085,0.061442309,0.556895991,11.77267049,242.4181185,No
1.483693975,95.77590763,1.840856284,0.116933985,0.16199653,0.199628033,0.890307377,0.054804515,0.310359136,0.037315248,0.250570191,0.084812489,0.121645613,1.363292706,0.863066755,0.305451842,0.441037035,19.67563528,604.5494747,No
8.378046103,34.47671132,1.94674667,0.1219621,0.548690984,0.142868347,2.250279419,0.763439229,0.79617566,0.020292661,0.482189342,0.084943543,0.4946922,0.475281734,0.992277808,0.226050406,0.621674134,24.79495714,35.76854985,No
2.184004327,75.21724972,0.143945489,0.00165565,0.424921615,0.158159758,2.331839289,0.451138858,0.424908469,0.042879006,0.044897101,0.312636556,0.106108382,0.303959636,0.276840591,0.197985082,0.44341002,4.47761815,334.0055385,Yes
1.329912716,49.31827571,0.905849467,0.014702301,0.113459624,0.142915279,0.501064206,0.935966171,0.515832796,0.007035239,0.579680314,0.22726237,0.04038828,0.892725444,0.308714543,0.085211958,0.776069294,7.115359171,10.2835944,No
3.77868271,14.00619855,2.817661672,0.165732553,0.069303766,0.152586892,1.693024547,1.265030153,0.217804437,0.036278353,0.015254943,0.335658044,0.505470991,2.620933023,2.897979369,0.084883366,0.358124153,9.098920883,247.5353969,No
11.22924205,101.5971779,0.228762879,0.001746591,0.270454175,0.089435259,3.204804794,0.023181966,1.972199859,0.049193759,0.1527012,0.38967288,0.086137092,1.079069999,5.22945738,0.423466591,0.714118305,11.54128293,127.0022025,No
3.020969165,12.60732304,1.052308299,0.072458865,0.187008268,0.103326957,0.658769133,1.896772474,0.022302695,0.05983213,0.11847295,0.097443414,0.224034192,3.621421094,0.525682214,0.407587713,0.226455229,26.35718619,84.83254222,No
3.710903221,32.04952802,1.643245467,0.058654435,0.100133447,0.148141826,0.693598108,0.843509588,1.691458335,0.036274085,0.033585954,0.342511013,0.156967124,1.428386693,4.730890769,0.253515721,0.505168073,16.529394,49.34292201,No
0.851444227,23.3681139,0.841380882,0.178031637,0.174820317,0.120936029,0.476871417,0.254971376,1.268865778,0.092157488,0.158280319,0.436694334,0.048362928,0.332074622,3.276035815,0.089735427,0.109038552,23.35326717,301.5930264,No
4.872302543,45.35102048,1.742184502,0.293014633,0.076248477,0.064607148,2.757815345,0.109681748,1.621030062,0.001685252,0.097722921,0.590181973,0.081516529,2.036976496,0.289172143,0.291063068,0.046792524,5.242480854,301.2999625,No
9.482406095,1.552513575,4.30628661,0.108096715,0.061061858,0.161444791,2.183900886,1.445649313,0.03437931,0.033741276,0.072112561,0.412617572,0.26867318,1.6809802,0.653589221,0.186342304,0.950767711,50.2598777,169.1824095,No
7.100504338,0.912792707,0.708441941,0.130177859,0.052373045,0.164653152,0.989769308,1.028424284,0.263363374,0.019816036,0.174079929,0.07112737,0.026098676,0.441434894,1.560919613,0.208881805,0.341600509,11.51830605,207.3563786,No
1.134735715,66.87115163,2.814664101,0.029539069,0.341610873,0.102549911,3.803673986,0.799793243,0.429127996,0.050330956,0.34933457,0.639618564,0.04675718,1.969722691,3.116719365,0.012027131,0.101874159,9.58900407,57.79161894,Yes
10.16080663,19.22078322,0.736125623,0.10128682,0.278836391,0.196034695,0.293856011,0.83048637,0.445852694,0.026341646,0.235513301,0.020127791,0.044996035,1.984218968,3.522429731,0.088189612,0.105055501,12.53774303,267.3746089,No
5.060782895,45.5947484,1.481594391,0.083414977,0.446666417,0.172174883,0.204525429,0.755006217,0.244253603,0.044049079,0.017309357,0.483207173,0.549572927,0.373640089,0.052969646,0.484775947,0.048096886,1.724722961,35.77110208,No
10.38437016,5.120869386,3.91307713,0.087631783,0.366010825,0.017451991,0.566168508,0.469654748,0.229751364,0.028798814,0.11113826,0.41671536,0.199131431,2.97639023,3.26803,0.654518518,0.020993172,2.915082328,192.8975093,No
1.586933936,37.98594511,2.409980113,0.084003503,0.467515943,0.106748795,3.076395719,1.772362063,1.213722512,0.032524469,0.331308528,0.14381365,0.162463121,3.899346284,0.897793984,0.142077658,0.265355108,2.726389349,226.2099651,No
8.260266095,46.68095344,3.537508394,0.026304383,0.300244295,0.120127969,0.10855347,0.15257977,0.352741626,0.006462986,0.03670859,0.207668148,0.303957656,0.079205261,1.429650714,0.322785084,0.389603703,37.35997774,193.0108877,Yes
6.593113097,24.05156202,0.874399906,0.145615663,0.143302304,0.078546597,1.271366857,0.258759799,0.14640859,0.038666086,0.154821979,0.17494966,0.069534103,1.389022515,0.99221082,0.018309931,0.316360338,17.45297971,88.83163542,No
1.134570689,31.50417168,3.256542847,0.050471325,0.267007603,0.080464714,1.977518573,0.076168602,0.959459217,0.057346769,0.253480317,0.101985339,0.285774934,3.22393455,1.587955808,0.189791852,0.011969734,1.712353942,21.07973451,No
3.014331326,30.20837314,3.33986208,0.02013484,0.059832263,0.063489254,1.152388312,0.580203841,1.64475105,0.011971186,0.039167389,0.15410174,0.064121498,0.984599008,4.436164615,0.223135031,0.183020802,14.95999083,232.7580151,Yes
1.147909591,42.44100903,2.419103357,0.013692333,0.51600754,0.140901418,2.335884522,1.160118493,1.090190452,0.113419535,0.143930649,0.010960319,0.032592289,0.158545079,1.687536564,0.125013356,0.270765865,17.41163951,346.6048583,No
7.560669337,82.26172479,0.031957665,0.034784066,0.035165971,0.181379231,2.181046216,0.876058765,1.5884975,0.023323144,0.206690845,0.179372955,0.16107391,0.062244645,1.684089955,0.318970583,0.01922327,25.11126646,179.8670283,Yes
0.017676484,50.27162491,0.301737692,0.099147421,0.111626671,0.072240623,1.710132422,0.02981388,2.558399712,0.01237487,0.225272122,0.084689148,0.242068469,0.358831087,0.733368614,0.02298189,0.4368323,42.70777088,138.6964667,No
0.742708721,19.00721326,2.438338078,0.084702924,0.017103117,0.075557207,1.570659238,1.031066509,0.642894322,0.026738091,0.428274741,0.076453102,0.121637316,0.387346035,3.704583256,0.191003049,0.014743404,10.05238016,264.6917191,No
3.356957536,35.88377823,5.864434272,0.249233727,0.333457805,0.456128556,1.257610325,0.201472299,0.94646293,0.066903028,0.008628956,0.036384657,0.019549039,2.373526419,3.097545085,0.43663197,0.115263348,5.420606111,126.9161629,No
6.503449453,6.595260927,1.448300691,0.002852673,0.631278622,0.12940543,4.003984813,1.86427671,0.928770652,0.043461061,0.083518149,0.459517903,0.029823286,1.040631549,0.29622782,0.072508943,0.608334033,25.09834808,416.4303377,No
5.36894722,19.4767557,2.873648665,0.047500196,0.712513768,0.001198581,2.045623886,2.219077732,0.690002571,0.029531205,0.287359164,0.139502622,0.085631895,1.604699432,1.643007694,0.024294437,0.102682344,1.255974993,7.237693806,No
0.233089417,34.6685713,2.093787742,0.104615322,0.647243873,0.307358356,2.055901564,0.032438535,1.18077854,0.039310217,0.020036938,0.560762755,0.198957221,0.228756487,1.031946885,0.02060804,0.157102492,1.844511132,92.04489242,No
4.630131715,21.14065258,0.527419821,0.115090652,0.169789526,0.316149963,0.868023185,0.729443673,0.129369587,0.004715558,0.231110541,0.468271664,0.383318144,0.504047081,3.547785047,0.150398324,0.549517857,17.73825897,186.6863702,No
9.485417146,52.82758074,3.50878901,0.132648266,0.116967179,0.04743096,3.624090229,0.370675924,0.414157648,0.036695946,0.150572072,0.160073146,0.097139929,2.461321783,0.598433245,0.188397854,0.589218713,31.96110034,19.41061572,No
1.948508227,8.897772919,1.525705465,0.161470638,0.089229414,0.227208581,2.645044651,1.907244585,0.668357797,0.02004829,0.329606056,0.23863339,0.018827979,0.420745221,1.426678675,0.32349684,0.023373093,3.268845106,56.0303556,No
8.107832353,4.772898046,0.553080979,0.134455555,0.617291224,0.112163997,1.146412946,0.375476334,0.847454132,0.042545293,0.011870173,0.171680455,0.085440676,3.756107644,1.252608668,0.078172255,0.297130792,3.856078085,99.05466894,No
2.076790503,3.611816588,0.678771748,0.05894698,0.196167757,0.004630778,1.758635461,1.93839734,1.422104045,0.191641771,0.068695124,0.246800488,0.057697288,0.967250428,3.085555494,0.174113382,0.041080953,19.49728193,282.889632,Yes
0.960433606,54.06995942,1.026721699,0.126897937,0.401891979,0.022967762,1.526887358,0.106794097,1.550786472,0.04744898,0.096586543,0.40792795,0.371426407,4.342713558,0.21738943,0.118023479,0.018178319,16.63391512,196.7903468,No
6.21006087,101.6099068,0.290297795,0.02475983,0.394468512,0.159474586,0.851120541,0.062863119,0.126787614,0.043873618,0.208578673,0.10573332,0.325009905,2.560140674,2.043784546,0.023162031,0.921142599,28.335653,506.8040511,Yes
8.374250406,71.94117818,0.971614712,0.12793154,0.160037342,0.032452855,1.538586123,0.382970428,0.102235818,0.113739387,0.145107942,0.534050959,0.273705638,1.11831928,0.894916029,0.279311875,0.272607692,4.623173303,129.5345086,No
8.729076435,76.09776422,0.718690399,0.008932957,0.174577079,0.007596379,1.136645689,0.888741148,1.05958667,0.073423429,0.094383994,0.134266123,0.121241616,0.070243305,0.160279291,0.035112206,0.527974326,4.147958113,427.3786316,No
1.071175706,26.32847677,2.572144986,0.058703641,0.018712925,0.008069444,2.798803843,0.840221662,1.514059131,0.077738992,0.077528092,0.136345262,0.032933917,0.58614262,1.274219771,0.679186044,0.036686721,0.54961004,506.3035685,No
10.81245503,82.38202581,0.044052197,0.049338471,0.424844134,0.060755388,2.188621218,0.960239368,0.305762711,0.024290256,0.265841597,0.190513193,0.045382067,2.74919855,0.065827106,0.241315128,0.483481111,31.73750962,276.6398275,No
1.405319903,74.80005555,1.940204974,0.097692512,0.098059752,0.100386214,2.663601333,0.991749257,0.888207358,0.025376167,0.148982496,0.520968528,0.185107184,1.894289857,6.400847548,0.429894504,0.473568437,18.42238768,66.81580113,No
6.434080002,39.74839255,0.32070013,0.013692514,0.457950258,0.158516169,2.646805865,0.264204002,1.123352466,0.159234464,0.262092613,0.21193827,0.184054385,4.199580744,2.984764663,0.203685244,0.124223723,16.62238644,147.0280629,Yes
2.45110491,126.2825118,1.695640373,0.011044952,0.227285976,0.001869571,4.629252524,2.047272803,2.217774611,0.042821677,0.031624991,0.271907194,0.095112237,0.772774758,0.298050055,0.373329394,0.433981128,0.189810984,536.0882478,No
5.899418126,28.24318646,3.809082821,0.259517583,0.018093255,0.078505713,3.768217788,0.641668163,0.145453503,0.025102897,0.159717759,0.781605943,0.234252149,1.829716368,3.859255128,0.343508793,0.160392226,3.636286572,324.7558048,No
6.445580087,30.8552155,3.330452347,0.124522582,0.109821082,0.032693104,4.07952071,0.851787021,1.304785647,0.099449493,0.420071479,0.154356546,0.017814431,1.993576379,2.446263381,0.204027147,0.530339525,1.068844461,511.2836681,No
0.230149406,1.336914726,3.132606507,0.188866233,0.211827553,0.109500621,4.605801699,0.428385336,1.300026788,0.073143736,0.106804975,0.334557134,0.292959192,0.978965048,4.686643478,0.176085505,0.287109724,5.993976785,310.6547237,No
1.029839369,7.933432231,1.192453549,0.04230966,0.017291151,0.219829048,1.477636687,2.027286351,2.965644784,0.130453651,0.304554995,0.503934649,0.057232984,1.715398337,2.725206374,0.301751155,0.312886978,5.613654186,1.846764293,No
0.490087145,31.89268177,3.593393368,0.008362273,0.838921917,0.109530344,1.857879543,0.370555524,1.412889723,0.111951649,0.242478371,0.208929471,6.85E-05,2.292244796,0.964823849,0.206966071,0.15858525,25.35699707,388.4144544,No
6.581567803,52.596462,1.247525069,0.058480353,0.242826101,0.169248973,0.245607137,1.088810216,0.72404472,0.052530282,0.123101267,0.29895938,0.23953848,1.181069964,2.071834244,0.14829364,0.274814259,25.07696702,183.0081554,Yes
2.77001434,3.334124211,0.849958832,0.134032929,0.123461655,0.027851545,3.058158501,1.142059624,1.74869504,0.057937869,0.061190825,0.236947363,0.262477713,1.951526258,1.338770176,0.170917493,0.114159896,0.675478885,220.7912674,No
7.895824759,0.550081578,3.04629845,0.003030797,0.399253726,0.235570827,2.745002778,0.657539371,0.16880438,0.050578489,0.091459317,0.169153275,0.157701781,4.813458182,0.179875788,0.005226796,0.873369367,8.819594327,24.12416438,No
7.445834584,8.449447351,2.83612346,0.094746866,0.050003844,0.062894309,1.557987597,0.555091115,0.269814511,0.022377332,0.250244542,0.194090666,0.24178297,2.858541348,3.54121131,0.304115139,0.250133706,21.91529514,197.5918879,No
6.909764486,47.48374813,0.576806837,0.064182938,0.182488932,0.172948152,3.317777378,0.925998803,2.834700356,0.050469533,0.110931525,0.528268943,0.064722417,0.894596497,0.075368923,0.442827095,0.035127846,3.15160158,177.7118581,No
1.043560361,5.421553873,3.387468986,0.130421806,0.10919061,0.092825219,1.386907491,0.513630851,1.575107854,0.057060151,0.243488736,0.423344012,0.00127567,0.520691577,1.223258488,0.368937462,0.445124987,50.30420821,210.5041313,No
4.460149919,10.71540478,4.136367916,0.071892901,0.241754244,0.10111667,0.769347142,0.05586832,0.15303457,0.052320323,0.173731441,0.234550416,0.195192549,0.109859741,0.333269164,0.036785397,0.984119621,4.484763131,371.0859262,No
3.258842441,52.41583768,0.247231454,0.081681799,0.362241862,0.10595638,0.113306569,1.150144985,0.257297796,0.064486862,0.1094036,0.245678266,0.21669191,0.977488471,1.525874192,0.005319907,0.501508437,8.415053521,75.98746378,Yes
6.855399858,89.02302049,1.358000001,0.022053214,0.360717157,0.0756021,0.344409026,1.930287204,1.431477042,0.015282314,0.373531455,0.018124725,0.147003856,0.655266206,1.802349199,0.206716632,0.346078835,15.03305977,147.630951,No
7.643239468,64.8034604,0.504035467,0.155029886,0.116046058,0.189306268,0.338813869,0.472136348,0.178175904,0.020965676,0.253656446,0.412168827,0.219135246,5.262560751,1.15469277,0.026124235,0.491422529,1.013434532,81.55177864,No
0.54369235,26.09351571,2.098748298,0.32426399,0.622183737,0.036066711,1.062522514,0.597768211,1.303727137,0.02100231,0.247950212,0.336444015,0.036475299,0.68973956,0.033775279,0.642989588,0.059273039,6.390578294,522.3229805,No
1.875618779,13.85147105,0.186447393,0.128914191,0.092051251,0.138331595,0.805046055,0.321588158,1.606308835,0.013400044,0.509361975,0.373353938,0.221140248,3.810100358,0.402164146,0.234261392,0.374477535,29.818573,202.6244673,No
11.41050159,57.55034385,0.938576636,0.064605103,0.05809535,0.072211848,3.105096246,2.053458836,1.277895005,0.009440312,0.250170676,0.371705989,0.271492835,0.290302758,5.336234874,0.010644393,0.400364235,18.24338417,263.5283988,No
2.707847364,23.30909718,0.272476477,0.091652297,0.040203063,0.105284606,1.93108102,1.980829176,0.149030505,0.057686543,0.368715841,0.056266345,0.102628937,3.164445507,0.400005446,0.113268858,0.514365923,6.6342769,240.3553808,No
5.089942747,110.6440996,1.033982803,0.195716527,0.073908596,0.10637203,3.225138891,0.302883679,0.967470067,0.079753058,0.121622918,0.126449676,0.189450426,2.21817761,0.804507463,0.198141889,0.321122977,37.07811336,318.6592334,No
9.375990901,62.43899875,2.252229728,0.106523613,0.134414145,0.130677924,0.876711668,1.063674913,0.568716225,0.033541745,0.150809509,0.346565715,0.072232633,0.424633005,1.676470404,0.804503281,0.398696222,36.10312561,564.5726655,No
0.786539126,20.09939229,4.804413015,0.031873859,0.399697437,0.123410225,1.802355446,1.965226576,1.30273675,0.030375363,0.214446461,0.461499655,0.326724329,0.608394853,4.553550155,0.090618255,0.388300988,25.83144419,175.9346528,No
2.284725405,30.65446853,0.733164778,0.167215064,0.215652972,0.044123718,4.69092496,0.166010918,0.681622706,0.061590717,0.050444329,0.171903881,0.077636833,0.488660545,2.441635537,0.11947345,0.208026384,19.29730021,115.0214879,No
4.259003565,33.04930397,1.077777783,0.136932128,0.514752165,0.099179892,2.628979305,0.19973549,0.502583506,0.051825607,0.291072083,0.055838094,0.592107122,0.686787199,0.859681443,0.056000669,0.250423438,4.184239185,83.56945655,No
2.060972111,172.7598928,2.506693021,0.159237368,0.018774963,0.062511668,1.48664711,0.755550893,2.052967668,0.03933614,0.043218609,0.259529388,0.250751451,0.570579702,5.115214939,0.286579985,0.426459271,15.27524813,225.468109,No
2.463666047,67.42378479,0.935828779,0.199858627,0.186945249,0.144260931,5.060684292,0.085373227,2.126714754,0.039697263,0.106097797,0.114797228,0.212558584,0.644700563,4.602903742,0.14592847,0.385965733,15.54382848,357.9293112,No
5.653716751,3.764052759,0.321332288,0.023730087,0.163837963,0.228449168,2.804908635,0.163400604,1.160707224,0.071402511,0.179184669,0.508383155,0.3665809,1.911803436,1.302368976,0.155422927,0.03763154,11.91718812,762.2764662,No
4.532880272,44.3316604,1.260017697,0.079981415,0.39661148,0.053703506,1.856325827,1.162174834,1.095307467,0.033565484,0.191924444,0.244424087,0.315522306,1.077854099,4.338510704,0.363376399,0.323128489,10.04183636,207.8535636,No
0.131249148,70.61700268,1.557794205,0.201943891,0.602273545,0.164411994,3.751896888,0.607233813,0.83117027,0.033116934,0.370438379,0.333835338,9.00E-04,0.095924965,0.252147676,0.111576158,0.372486252,13.25975669,234.0353584,No
0.669834665,10.38721531,4.230586916,0.10952258,0.325726847,0.020845904,2.333950638,0.379333869,0.110865983,0.032101226,0.055991575,0.214979559,0.347141742,3.531923798,2.594225079,0.164395462,0.06705865,8.184593734,245.199611,No
4.159546366,31.05449076,0.909971246,0.129236426,0.579485044,0.113991235,0.884206461,1.525667354,0.405580743,0.007204335,0.213588226,0.017545003,0.047621919,1.823879411,0.424780371,0.257340256,0.172040134,7.508077621,129.9832484,No
4.047251082,33.22184171,4.275932997,0.013283091,0.32496582,0.247181369,3.450329326,0.418731885,0.440806541,0.074048565,0.077472808,0.582857022,0.241084592,0.796870919,0.514897596,0.079782016,0.188848792,6.104945493,414.7392272,No
2.714706854,50.24288377,2.09221541,0.022843897,0.378084496,0.077069551,0.86632393,0.065432156,1.910786372,0.027749972,0.096298272,0.159648614,0.263258026,0.71402738,1.730521128,0.293869843,0.239434025,49.69213822,48.55166468,No
3.400655932,45.88637617,1.396672569,0.004315951,1.2147406,0.057834008,0.675811797,0.414546755,1.919473131,0.085923407,0.222799323,0.456234173,0.244071155,1.638997362,0.462165023,0.267112464,0.135962923,17.23422573,26.38760077,No
1.561365102,10.59620018,0.886914067,0.065130004,0.387947081,0.024852533,5.396744585,0.269282949,0.940412523,0.048814321,0.004439343,0.337294305,0.318124268,2.68152737,1.524433498,0.078030284,0.334275743,5.519081691,361.4380992,No
12.2277228,111.7207354,2.490883241,0.040728432,0.270652579,0.033183004,2.509889583,0.077921079,0.237654763,0.011041292,0.003870929,0.27286545,0.002016638,1.319135158,2.591117675,0.359425576,0.063558793,33.45157052,588.7879464,No
0.761325103,24.97967903,1.736794242,0.024744313,0.620617086,0.167620619,1.003974724,0.977564094,1.498179838,0.009461619,0.157921754,0.295413604,0.328653166,0.387552911,3.412320773,0.269391311,0.617241762,0.156685082,252.3251122,No
0.046804899,35.31349002,0.958269194,0.057804757,0.241272166,0.027798993,0.352732867,0.149398744,1.206999596,0.053919143,0.117406426,0.033179215,0.348618085,2.363277582,2.466956874,0.305449004,0.241480565,16.2542943,170.598959,No
5.723725178,3.50595666,2.405947437,0.126375945,0.160381153,0.05860575,3.025523615,0.215110703,0.713907751,0.075876698,0.056779365,0.096114481,0.2172782,1.510791497,0.91094665,0.111245475,0.23547732,16.73246454,276.0683802,No
4.460871823,56.52410576,2.151208103,0.116403063,0.224168004,0.137453123,0.062710518,1.861012914,1.219943713,0.094652682,0.230258191,0.15559829,0.008523649,3.363950468,0.445271863,0.167363098,1.602510372,14.18271294,97.88967655,No
9.768950525,16.07760777,0.671259695,0.186010611,0.647394623,0.0079799,3.036476062,0.113413752,0.193205567,0.061545732,0.125185072,0.286153067,0.059910728,0.336898961,0.903913927,0.655960995,0.296382722,11.97791496,337.579598,No
7.226939984,31.13930006,0.695471332,0.116749257,0.033407295,0.073396371,3.134006123,0.142420383,1.417657158,0.08776499,0.126790473,0.27605329,0.074877206,2.707935464,0.93448739,0.244833139,0.114072569,28.95910516,156.3922917,No
0.458542808,116.2936617,2.509668566,0.088606724,0.271813647,0.127226447,1.960249227,1.04955574,0.380080927,0.026814293,0.027274635,0.407464856,0.207118923,0.767829119,3.32805746,0.335603381,0.220554412,1.331314439,281.3037098,No
0.841424175,91.98708306,2.5392208,0.061976937,0.159383951,0.114014763,4.177803828,0.998950417,1.259352236,2.43E-04,0.22571778,0.304295996,0.00633624,0.827503761,5.280481047,0.063183411,0.523877517,18.13686015,596.1276407,No
2.370327401,28.83901826,0.987573053,0.086706816,0.303077228,0.031309709,1.439738808,0.965667102,0.843272865,0.002745159,0.194004451,0.531763807,0.396147681,3.230054139,2.529803087,0.19369768,0.001917015,1.995483229,237.0292358,No
5.79651884,138.0135635,1.497068422,0.033305012,0.356868722,0.416450601,2.941304776,0.219858919,1.29110262,0.018965185,0.316484083,0.254967102,0.138459477,1.039847137,0.749774017,0.128217716,0.956177782,3.418471041,334.8524669,No
6.183883544,100.0326608,3.570704611,0.05383316,0.039189237,0.008849617,1.732441512,0.20348159,1.087323127,0.008777213,0.418348499,0.710889333,0.229592751,2.910442615,0.169207769,0.433400482,0.455843799,12.40510582,344.8172887,No
4.559484393,78.18741775,1.771007783,0.114132006,0.262289061,0.080792496,2.142595967,0.128478852,0.425818841,0.00495794,0.19210726,0.006705527,0.282198587,2.764861833,1.400586674,0.515715665,0.61205214,1.124624184,483.9402069,Yes
1.124552059,55.55227176,1.356836589,0.100560953,0.011095037,0.013925929,3.598930039,0.107587411,1.615253159,0.027197446,0.093193475,0.234054478,0.186476785,0.606413522,2.106070419,0.244829215,0.443268754,40.13869937,191.1460192,No
1.605559292,77.04445578,1.605029122,0.166136368,0.193339829,0.072943999,2.489528946,1.087251204,0.054245582,0.017289099,0.039604383,0.373853863,0.286443518,0.084129931,2.553390778,0.169052112,0.006895727,23.14919617,258.5501222,No
1.325035407,26.12324042,2.539775889,0.115833139,0.427595398,0.138392585,5.359338042,0.430924488,1.432763312,0.048062115,0.041705878,0.242089963,0.077091769,2.305138307,1.534955865,0.53885959,0.5073144,24.83939997,60.44120675,No
2.375530884,69.80312131,1.435065057,0.216430021,0.092159566,0.063588695,0.285386648,0.490293736,2.344067671,0.057997942,0.057007105,0.639962939,0.016676956,1.612769681,0.060375944,0.09963654,0.858320877,15.46831557,411.3050036,No
3.140150012,31.82340898,1.372259905,0.050276463,0.12588743,0.148415289,0.969285833,1.133706665,0.433413065,0.060914188,0.115270502,0.061110291,0.160382411,1.099583657,4.926560231,0.675674086,0.074622303,2.659201453,138.577251,No
6.486022576,8.441097943,3.891587617,0.06554202,0.45066976,0.198588259,4.248191663,0.38136496,0.834589613,0.058224633,0.087460143,0.121999078,0.073395337,0.627057847,2.166630011,0.218613726,0.130996584,18.08222335,12.61750334,No
0.748962766,72.023683,2.9852128,0.009916484,0.410894111,0.245273223,0.710818055,0.303231022,0.284588318,0.038781761,0.050496348,0.056226638,0.017675168,1.064363337,0.755141657,0.274161228,0.861849234,0.200911238,336.2250416,No
2.245611029,12.74909241,1.223411714,0.111529847,0.072462108,0.221239637,1.027906525,0.915752365,1.206345487,0.089961549,0.362443696,0.003517098,0.072185141,3.457330005,0.92151959,0.00409185,0.138745607,33.73655321,10.75170887,No
5.361076232,65.36804769,3.616160722,0.002417838,0.114195091,0.112329597,0.275532319,0.405817656,0.804277523,0.059139166,0.002304884,0.135893006,0.018610119,0.569293436,0.735431626,0.263724566,0.119356441,5.108939176,21.79504212,No
8.805431022,110.5509447,0.138915826,0.107413203,0.347883528,0.17445507,0.139720116,1.121055763,0.862199978,0.082686367,0.45401991,0.13233138,0.072894548,0.289852207,1.062600261,0.46794633,0.292661417,13.10795943,186.3348466,No
0.466722344,3.38311933,1.866102262,0.08124557,0.345590835,0.048275806,5.017026474,0.628639923,0.42401801,0.019629715,0.228314843,0.024690072,0.025156035,0.744040301,1.801724813,0.307787265,0.319123202,32.6054066,101.1941913,No
0.412336251,31.19756899,2.33983505,0.033850178,0.969956317,0.124343372,6.609518477,0.3621166,0.167767803,0.013994345,0.122472892,0.041513116,0.003607748,2.342519376,0.273889667,0.360544131,0.192172354,3.342324739,302.4271426,No
2.750268248,0.82572411,0.873478344,0.201077011,0.06420983,0.325608576,0.654884192,0.587981451,0.247226819,0.003244821,0.479221296,0.121999058,0.347967078,2.146459604,2.489031035,0.080051193,0.351069453,37.46059815,125.5973002,No
0.307959133,40.33873196,1.204524441,0.181783379,0.011606363,0.059326818,0.898054323,0.456084543,0.83573615,0.058810912,0.113585471,0.465410754,0.285589946,2.801246485,1.172521807,0.166153787,0.125225317,13.29141246,155.7857514,No
0.218705696,16.59813371,0.651432179,0.008606415,0.158357792,0.08601693,5.392322535,0.54896107,0.418542371,0.038949917,0.284555818,0.107732754,0.45366107,1.830588284,1.376855478,0.029994937,0.670642459,17.46750171,209.9460427,No
0.580639437,2.728638123,3.055019965,0.113394721,0.243471489,0.10320507,0.464049614,0.200182996,0.525978312,0.037946183,0.207950842,0.884434623,0.21413507,2.530535613,1.364221005,0.420002287,0.373540234,1.91924718,225.3931372,No
0.893777998,105.3469006,0.106839129,0.122253695,0.23464651,0.107230636,5.625483642,0.45031407,0.13675966,0.001701464,0.285894722,0.441741997,0.315486271,2.042603061,3.867423979,0.349651458,0.292773502,50.76482401,84.98926549,No
0.318393082,68.28132086,1.763814156,0.201557441,0.354547855,0.126163,1.565607729,1.669096942,0.865816396,0.040305604,0.247495226,0.127349323,0.310484695,1.667082623,3.009677233,0.369113196,0.758089026,40.06047497,320.8183592,Yes
4.766457414,41.28664724,2.377613188,0.133175564,0.21794959,0.02077141,4.545155551,1.073163771,1.401717552,0.05703159,0.254432198,0.175851103,0.013698359,0.598438716,4.53927969,0.311055531,0.169555042,8.161225169,276.6983412,No
0.610101219,62.79067633,1.093121902,0.011936665,0.355419926,0.020633226,0.07255766,1.61752978,0.677579466,0.057465204,0.098235116,0.061266351,0.189341424,0.299303548,1.70667605,0.165777264,0.2008042,4.160456769,230.4855796,No
2.459460483,3.319569108,0.60897037,0.122474347,0.449561735,0.110222635,0.561518832,0.629429036,1.565479463,0.020560942,0.144890834,0.130386896,0.196436232,0.697269754,0.774657692,0.243416848,0.382544544,24.66183904,659.4156657,No
0.085265521,92.32668198,0.624839735,0.168839514,0.315813824,0.017933416,1.912903602,1.532911501,0.553003523,0.086636087,0.15458816,0.641333496,0.118425518,0.386457447,1.217730725,0.124989178,0.318329252,12.84196524,133.972986,No
3.057208913,66.52935823,3.090171733,0.02213276,0.342982463,0.264959341,3.130634337,1.245344861,0.42572259,0.005207975,0.048028323,0.017815228,0.066113576,0.427674464,1.911837199,0.548715379,0.97475941,18.38959044,631.8421496,No
6.073248773,66.38750814,1.711475789,0.114495525,0.013920194,0.052792992,1.114197781,0.548324648,0.736655105,0.086096912,0.344647897,0.409875313,0.194481235,3.275574118,1.999758786,0.428088762,0.075799314,37.70760435,120.6576879,No
4.830674644,217.1362902,3.161792823,0.065931527,0.173933804,0.097500101,0.132379326,0.859945117,0.900646974,0.11457852,0.074469398,0.599651494,0.082944956,1.053870207,1.970718341,0.026411625,0.229215271,9.11428942,77.95165513,No
0.109425276,44.71659809,1.371366625,0.009266579,0.090213172,0.048356366,1.730920946,0.426647928,0.319229949,0.010650259,0.23987292,0.139112726,0.07473257,1.282014143,0.377534964,0.243038373,0.089091695,5.068683086,28.18570602,No
3.353471372,25.16336172,0.836925077,0.234463565,0.283507564,0.330442806,3.318094372,0.087505569,0.530198388,0.002711008,0.201669495,0.130748517,0.210533521,1.808762943,3.35610853,0.608546053,0.543404585,6.674759774,431.7991845,No
5.199646475,101.4307397,0.988931554,0.109929376,0.431640098,0.132755088,2.321550746,0.191298107,0.828301429,0.099963416,0.09140228,0.02856612,0.063864085,3.285883872,0.770389177,0.128718128,0.860650076,7.031645537,208.6416373,No
9.826821286,38.03082436,2.839221065,0.219932754,0.040368401,0.0443428,1.190926854,0.454459155,0.383311651,0.06301548,0.127599426,0.045161246,0.262490879,1.12090441,4.027895855,0.026794499,0.4464201,3.055543638,49.13237391,No
1.475572087,92.9150813,0.289300164,0.061093212,0.09547342,0.254026122,1.08100599,0.663294207,0.475734985,0.116913332,0.385717659,0.19169626,0.362367423,1.530754657,3.87229649,0.519531323,0.342030763,8.560268822,426.7250589,No
3.149818611,39.07035411,0.479842496,0.012872434,0.009735834,0.080716118,1.98855323,0.640315677,0.106679938,0.024079675,0.45869812,0.11566585,0.00832707,2.06176948,1.975876626,0.383768651,0.243115332,32.99457593,552.688135,No
7.610758075,30.89755919,2.902122795,0.249998904,0.146303047,0.057740051,1.469197637,1.267380221,1.104944429,0.048757615,0.067404112,0.250491226,0.232075649,1.473850557,1.781426045,0.090012982,0.001900418,4.203251188,92.03358183,No
5.483184419,1.643831615,4.673302027,0.122605898,0.260172118,0.152479145,1.506481297,0.307400416,1.677135841,0.013101814,0.040946825,0.63957497,0.047735715,2.153781159,6.13842095,0.147548375,0.678385632,6.272172501,549.7776931,Yes
4.442078841,28.17000584,0.347420467,0.084005077,0.454673244,0.056987057,1.055948659,1.370818038,1.50212355,0.011409586,0.017028642,0.040771162,0.00382497,2.201770743,1.517060048,0.520563707,0.244350125,12.09464181,447.5790227,No
13.81096889,24.25797476,0.115203906,0.025681932,0.041958478,0.080963005,1.590457815,0.008092186,0.593107852,0.037057857,0.141650984,0.082518366,0.07229851,1.455339271,0.575626879,0.384053552,0.898925281,9.050845137,286.0615323,No
1.124718781,37.39027144,1.132350437,0.046145751,0.246486249,0.005827328,0.183515017,0.55033027,0.953094323,0.015265762,0.127038054,0.203476222,0.063047834,0.295141371,1.757427479,0.38001257,0.776638471,19.28685336,292.7502026,No
6.827508957,101.7403347,2.331936635,0.012173474,0.446358954,0.133539947,2.468745591,0.958338304,1.172355277,0.036357923,0.086872388,0.257302364,0.064842705,1.413657799,3.470853992,0.18170609,0.129951777,23.5752702,458.7925783,No
8.674751656,3.500966417,1.962849933,0.003678854,0.063534986,0.241070483,1.205141064,0.082173447,0.045212705,0.14682131,0.045947137,0.12818297,0.047957167,1.842423206,0.072811841,0.122069468,0.38664554,7.594446136,148.4425234,No
2.845974037,35.48049664,1.245513674,0.167380251,0.03838474,0.022857056,2.443903451,1.468183644,1.676065481,0.083395731,0.334007144,0.030378916,0.052977565,0.083792326,0.314491976,0.787219134,0.400710829,7.731070985,177.3645168,No
1.550086828,50.30476249,4.744512323,0.06171387,0.236676728,0.167454936,1.504266124,0.243721339,1.193242288,0.001947104,0.115120458,0.06751599,0.213719127,2.811248986,2.008878,0.507666494,1.124223564,41.09238746,48.6038045,No
2.672569686,20.26711012,3.96462239,0.056891553,0.252916223,0.037100499,1.180453932,1.410335334,0.872114872,0.057235179,0.029196955,0.090146917,0.234952292,0.120524337,1.643174493,0.451444662,0.39471934,13.56135874,100.6854796,No
6.230666118,3.149026194,1.958860935,0.052385845,0.254397158,0.0461549,0.384410616,1.72375737,0.305476262,0.021710669,0.004175663,0.464430959,0.138374511,0.14258391,1.204378273,0.088094415,0.887534954,10.71561222,254.27925,No
0.559407456,59.59666369,1.56834117,0.046842137,0.365976555,0.001870562,0.088291765,1.248033856,1.119506979,0.009677059,0.246266033,0.117567054,0.136154676,0.542093783,0.318053664,0.103341281,0.22059107,7.686410192,429.8133535,Yes
1.848695757,36.25871587,1.892660732,0.091381679,0.398688323,0.014253834,0.816365393,1.157463007,1.124457002,0.053739561,0.072253396,0.311611252,0.054995776,1.927145761,1.114114848,0.773538506,0.551573878,13.54672134,2.812832358,No
3.475242033,68.2911005,1.947475279,0.011525734,0.274672689,0.186232483,0.056243776,1.519021671,1.057333604,0.008415505,0.021048821,0.270103923,0.236006043,0.104424541,3.185645093,0.49742681,0.205172257,4.397003042,255.2815823,No
2.129080958,71.66947919,1.416815007,0.069077516,0.119337556,0.064015502,1.444123372,0.117569181,1.350635012,0.064156704,0.35071133,0.238642342,0.289204734,1.057273467,1.985775721,0.630125786,0.834209267,13.05617163,137.7965951,No
0.788317156,39.3845785,3.615733534,0.100326636,0.085617147,0.200628817,0.44440837,0.563368779,1.197090426,0.050975407,0.004461768,0.025562455,0.147045765,2.036769465,2.133569844,0.190039829,0.915066911,25.49323592,258.0672154,No
1.147219033,11.05648804,1.411395049,0.127195039,0.445025974,0.063740144,0.977252486,0.28524022,0.140768994,0.129917427,0.116200203,0.107494426,0.153294946,1.006473031,1.699836107,0.098377827,0.029043346,50.39469682,137.5266622,No
9.090253542,39.32509791,1.676803658,0.068040779,0.379659348,0.04168169,0.052484186,0.55756371,1.43795571,0.006258406,0.362855886,0.184923568,0.099082327,2.226925371,0.122273028,0.591492594,0.598299138,21.0636754,383.1067811,No
2.523137434,5.258815111,2.929839728,0.240403476,0.094659666,0.216593527,2.877069503,0.464981202,0.764459311,0.014767793,0.07379584,0.244820272,0.065256679,0.309265471,1.110774875,0.129585055,0.140543954,14.07328829,35.7954808,No
0.444264898,31.67941503,1.701248959,0.169220575,0.25935962,0.147929804,1.301213582,2.34590406,0.071049842,0.064000486,0.050993188,0.280974179,0.12594588,1.8443565,1.972353132,0.694085685,1.159705903,3.520114739,150.4029096,No
0.149449747,127.3839584,0.926799957,0.047557367,0.444202101,0.098044151,1.45061411,0.763924353,0.009962119,0.098569214,0.336912879,0.520281309,0.253582853,2.248357196,0.243713654,0.756724041,0.891976201,2.640979025,356.3710009,No
3.884311847,62.25600129,0.583624437,0.165908479,0.519456887,0.14676919,0.580353233,0.331890003,1.060680903,0.08566044,0.209802012,0.577747261,0.14258753,1.375079602,1.873644185,0.072739371,0.799183786,4.286735923,133.9973477,No
5.106441922,3.82893547,2.885076143,0.073332727,0.452539868,0.090204803,2.662019598,1.751417795,0.878570106,0.067162494,0.006223575,0.171158338,0.157080332,2.044177107,1.824973326,0.208891356,0.224791585,2.385836926,61.77456218,No
4.338288199,24.15399316,0.568316983,0.124807095,0.395193721,0.177688307,0.234471663,0.484361878,1.552878029,0.008889852,0.559230939,0.098152661,0.116670614,2.25681886,1.714089223,0.16349259,0.366799661,17.51388909,12.7895324,No
4.751957684,0.672105987,0.428074577,0.088051989,0.332277621,0.016643334,3.211389643,0.174915714,0.005256739,0.041468355,0.068087168,0.151272922,0.133004463,1.558832879,3.280271018,0.16942857,0.555369026,21.82925933,268.9362221,No
0.826467798,40.15151084,0.14988474,0.125419275,0.135184926,0.231668993,1.937090985,0.05736564,0.434827604,0.038548712,0.188854141,0.001031269,0.005652204,1.652498015,1.928692358,0.083862164,0.46625562,4.103281821,26.22712252,No
0.413639778,39.70418714,3.000642523,0.196055635,0.243354776,0.252109065,1.230360782,1.03360193,0.408775984,0.083755516,0.449823492,0.170195998,0.097773483,3.168884153,2.695902541,0.11749631,0.146778896,24.49239659,173.331371,No
6.397566117,69.43420505,0.940572518,0.102261272,0.633004268,0.106720067,0.189716686,0.125009448,0.469940778,0.005744156,0.140931537,0.399289517,0.158666553,3.849930218,0.13496258,0.056209385,0.277323535,12.8383877,102.2823527,No
2.859611199,133.9580229,0.036437404,0.081503096,0.12898458,0.249643818,0.375291577,2.514160119,0.246220113,0.015323105,0.142240793,0.099000514,0.41031198,4.235301358,0.726246856,0.4739179,0.336863513,13.25237947,153.6083035,No
3.608835128,10.45053236,2.360226507,0.109937933,0.169296408,0.012495099,2.704423563,0.966599904,2.500210608,0.028737265,0.151929087,0.415566748,0.266751684,1.271132628,1.428768157,0.432844851,1.015316188,20.56205566,156.2228769,No
2.881770643,96.8729818,1.378001837,0.209640469,0.368132386,0.037118991,0.106706238,1.48776091,0.182084878,0.044944834,3.91E-04,0.092846451,0.03444079,2.464721764,2.159836466,0.086788279,0.310544177,28.04780545,473.1856888,No
0.897233438,22.76516143,1.891756625,0.07139234,0.370652641,0.342093622,2.473667632,0.719527002,0.939898688,0.006196633,0.017026033,0.1412453,0.212247085,0.052812513,1.439581092,0.296766929,0.53728641,21.26285553,304.8705982,No
0.411465698,6.644549486,1.243027329,0.06846038,0.108793758,0.061042904,0.746768234,1.445727634,1.652505372,0.011715008,0.300104989,0.062326501,0.295750504,1.795201918,3.437979947,0.073076726,0.132498449,12.26990087,35.40126386,Yes
1.607037739,39.64803632,0.208910151,0.065299887,0.485691395,0.106934662,3.8283575,1.163778939,0.801047543,0.054753078,0.218338481,0.046358172,0.075161086,2.054321849,5.72269012,0.143982885,0.273223103,17.13578625,219.4584899,No
0.401346586,67.3762171,0.660170634,0.090732341,0.324946828,0.041197704,3.274440421,0.18162062,0.150449197,0.067619834,0.317274217,0.105479616,0.057316494,0.200183424,0.44846844,0.210498532,0.069672595,21.14943514,122.4632119,No
5.148338226,85.65974007,2.782615031,0.036818845,0.759789145,0.166299725,2.351366869,1.365365482,2.268341858,0.021170636,0.04948682,0.08479061,0.342455092,0.50307949,3.840917916,0.679927174,0.016284043,21.72823036,335.7517473,No
0.729473908,6.958258934,2.169612834,0.026632989,0.300538648,0.047114661,1.940498968,0.875342721,1.011058353,0.014221072,0.035391886,0.177579351,0.061161174,0.428567441,3.812493155,0.190317853,0.049427954,21.89294924,141.1600777,No
0.115826249,119.3351167,5.444474947,0.152132607,0.337425918,0.096434553,3.529935692,0.883756331,0.065047772,0.03455963,0.150401139,0.247509564,0.068492724,2.213871159,0.759899845,0.002428599,0.499537122,46.43452719,236.9456432,No
5.305661277,99.92253363,1.721300611,0.087526812,0.382001983,0.102018076,0.597098193,0.968192698,1.34848294,0.04770025,0.410675254,0.323266605,0.095816794,2.082664199,0.292447641,0.296777948,0.406394744,4.726575852,501.6348789,No
4.812866378,1.258604624,0.928125638,0.113145065,0.147705873,0.080187884,0.686147984,0.274747815,1.804709371,0.039792276,0.180366194,0.289119269,0.105529009,1.808208489,0.268648365,0.213207535,0.132902767,37.71167892,277.7341062,No
0.067509764,10.12672633,2.431995804,0.171819577,0.441902546,0.242995375,0.54402442,0.148579373,0.72463779,0.010393697,0.147377111,0.041164235,0.175056032,1.309200418,0.811263434,0.194072686,0.354954526,7.518005255,487.7025817,No
8.145725686,59.92300712,1.026555903,0.078493664,0.527932896,0.252403432,0.553982412,0.77322431,1.933675458,0.037545628,0.244033771,0.265618932,0.07066397,3.175758551,1.777669724,0.229727504,0.063742111,4.087363259,208.5437726,No
4.210854289,30.816325,0.137161139,0.215380108,0.138141401,0.095013263,3.918254639,0.683682188,1.703745671,0.035275085,0.233260536,0.276137268,0.132851355,4.106844744,1.474866703,0.027424337,0.650742021,30.81389285,93.26776765,No
8.326062261,38.71235527,1.30193449,0.002193159,0.050808644,0.008305395,5.399485017,0.745131641,0.803265589,0.039530864,0.089642465,0.045118179,0.152031175,2.965438314,2.955021126,0.037515821,0.316709031,28.85320906,15.25646791,No
5.986011632,3.644887302,0.286929687,0.125660767,0.135784957,0.2215815,3.050962433,0.177259051,0.518490086,0.003933519,0.044410268,0.070939938,0.23175311,1.180068968,5.096564094,0.370388854,0.529395274,5.191185919,227.8964614,No
3.634895088,41.17176939,0.542492875,0.134301529,0.291292772,0.007883643,2.680105457,0.036110079,0.281494288,0.068261203,0.048016662,0.299121982,0.005914785,2.59815101,0.249099012,0.025325837,0.100449442,15.35114677,192.8140097,No
1.4798466,4.31373703,0.841066356,0.049839394,0.074871677,0.036033977,1.071500168,0.173445208,1.240812724,0.051375779,0.063429783,0.001541458,0.128435988,0.309248853,1.271754702,0.111585394,0.294374877,15.03080019,184.9677092,No
4.332663825,23.54177303,0.604802421,0.198602936,0.417704839,0.139079405,0.627857033,1.398494574,0.312275947,0.038624463,0.48028202,0.357971404,0.120437313,2.183237535,0.26474489,0.216682694,0.253880006,1.267160019,231.8121711,No
3.029468381,27.00113566,2.470939733,0.398733318,0.009442151,0.22392252,0.206588145,1.789354972,0.55017923,0.029564193,0.167915566,0.037606975,0.186375281,1.733219702,1.27415581,0.281801925,0.14152485,26.5147165,41.96968994,No
1.733844966,121.1235968,0.905809858,0.196137144,0.420801327,0.12259688,4.743631289,1.383919074,0.337423045,9.64E-04,0.544624502,0.045497769,0.415982604,2.520252668,1.102782138,0.005731512,0.204312816,30.9950626,300.4270453,No
4.192096836,31.07446079,4.115350804,0.230286986,0.426164129,0.164915303,0.065326005,0.130404856,0.961433953,0.091540553,0.341448281,0.309484203,0.540635041,0.299637171,3.764623459,0.172833318,0.770782534,23.28593247,221.2007617,No
5.7154614,78.26654348,1.335087278,0.130104606,0.239235186,0.083097644,2.003659108,1.449375333,0.652261959,0.036028927,0.148117555,0.182605225,0.326795391,1.910050981,1.692006864,0.085564008,0.256379065,24.94296111,304.0988908,No
0.019253074,59.96940958,0.420458894,0.017374438,0.233277785,0.244991202,0.038888954,0.893109781,0.088480942,0.031416918,0.06643609,0.461300469,0.226501453,1.194308013,5.110851826,0.076303402,0.088453969,6.785265713,77.78953185,No
6.097680669,84.10120136,0.359996608,0.162413672,0.03406433,0.001226654,1.508656337,0.241009655,1.489218949,0.081433021,0.290481276,0.24229297,0.014261345,0.540489049,2.382116057,0.537890744,0.041951513,35.99715443,51.76440678,No
1.968331492,20.86245435,0.399590705,0.043293839,0.14310687,0.104390681,2.587678222,0.345224587,1.053527395,0.039394459,0.285174532,0.253507774,0.040727817,1.01820246,0.291919066,0.614796485,0.555528831,8.3191876,425.3812335,No
1.016777502,9.017270689,2.510630981,0.078926192,0.097652925,0.141991636,2.596242417,0.784786931,0.297401758,0.027288471,0.056565318,0.26452616,1.07E-04,2.485476342,2.260519237,0.423042841,0.18493794,16.87304257,51.04021048,No
11.52551964,9.269388961,1.587824151,0.03520879,0.62549321,0.327982149,1.625159193,1.056126664,1.830689376,0.033121653,0.538093342,0.154784503,0.199802897,0.976713982,2.045733683,0.433575157,0.020287781,1.432268352,539.0785029,No
2.555411233,2.381261989,0.739775268,0.076589198,0.083483508,0.128804023,2.242897549,0.224556525,0.341312042,0.053069412,0.011164941,0.556967611,0.069548491,0.548737636,2.277758133,0.178633018,0.717421187,55.40589323,455.2819904,No
1.140702374,40.03221658,0.213511534,0.073112788,0.334965411,0.034190996,1.28853708,0.686249552,0.212830649,0.044689199,0.167668044,0.184775315,0.211288251,1.507656425,1.288838356,0.283169345,0.056513918,11.96199166,8.945392667,No
3.041163663,84.60466794,0.266416178,0.193857279,0.426265576,0.042777178,2.305138143,0.651958205,0.737010089,0.072712767,0.252045446,0.088831461,0.264738672,0.369291586,1.60140447,0.723674549,0.315772582,9.053678319,257.8361526,No
3.099788058,46.65894204,0.805723462,0.033859583,0.659385453,0.342156666,1.348069095,0.760826391,1.894462281,0.022432747,0.3667914,0.474062098,0.202364548,1.811139504,3.155595194,0.04765274,0.095430878,7.241266319,649.2903315,Yes
5.415456192,93.38141739,1.844179813,0.070090633,0.788160155,0.322637956,0.607533094,0.121620598,0.346637322,0.045818379,0.396356531,0.222787408,0.093509861,3.90114035,1.905431993,0.413810981,0.206756178,10.21797825,334.479465,No
0.802012903,114.6013026,2.437462021,0.07819053,0.222438065,0.098420525,1.709044595,1.07293149,0.80719642,0.013240125,5.33E-04,0.285059156,0.198661491,2.137368622,2.379792302,0.223124868,0.128709694,14.56278907,94.1403348,No
2.438320428,20.28771757,1.335672179,0.029841138,0.361776944,0.044020061,1.700556552,0.574413557,1.690437902,0.022922909,0.130241723,0.217785475,0.058942353,0.847987484,0.904973679,0.194335835,0.056548019,14.65687463,517.0734459,No
0.79140879,12.69864437,0.245710331,0.090637881,0.183686246,0.146534428,0.051518787,1.79687208,2.000727751,0.053817788,0.381312864,0.119387691,0.26022667,1.494428293,3.356208681,0.138819712,0.121241124,13.8804911,3.478644245,No
0.228238034,25.5755204,0.395532978,0.069017811,0.390459772,0.06246615,2.09260071,0.767780767,0.300520682,0.050729534,0.013095799,0.333689924,0.269585912,0.777568582,2.674624925,0.152901297,0.228850121,9.282515586,171.5766679,No
0.406410591,35.52203273,0.15338557,0.130525164,0.231055108,0.018289187,0.892598724,1.405478397,3.32122973,0.064029696,0.204109786,0.167413921,0.030710592,0.347347799,1.968514117,0.011144481,0.034568042,2.786152207,198.4554077,Yes
0.187739735,81.58135495,2.020911667,0.085904834,0.105740658,0.24509978,0.477191787,0.755001549,0.607549726,0.00533337,0.07222411,0.063392501,0.017594956,3.478076973,1.178186188,0.315477411,0.278514296,0.721623729,273.1810285,No
0.232576756,72.81247247,2.553458401,0.010657645,0.385532644,0.222521887,2.78175413,1.413021981,0.086647657,0.02489839,0.066687929,0.202906488,0.244636532,0.781820043,1.056898145,0.086132741,0.273850032,9.437332257,501.9179171,No
2.670173186,78.32510344,1.463819351,0.177114528,0.26402947,0.029300972,0.186350506,1.056516144,1.145830009,0.098692066,0.073717957,0.349075446,0.068556609,0.747854239,0.832200264,0.441832265,0.2588998,11.07260656,109.7132327,No
6.865591992,1.171140975,2.896432425,0.016106838,0.09088178,0.037089931,0.354626387,0.539028915,0.403261586,0.030845154,0.060138705,0.027095523,0.11850368,3.254734607,5.594290343,0.320088434,0.203889551,7.215962669,278.123065,No
5.774470177,28.77982659,2.362218369,0.015390764,0.158123746,0.224888648,3.595668389,0.330541632,1.02000987,0.055320627,0.37869026,0.020621213,0.030726463,1.743406262,1.983468919,0.427162067,0.669347059,10.56938656,233.031094,No
11.21500595,44.29185084,3.009877904,0.006430485,0.554762377,0.04350227,5.254432337,2.657607328,0.944699212,0.072340905,0.149647309,0.277463654,0.2322423,1.447639986,0.958096858,0.153448272,0.332920233,6.097140659,161.312934,No
1.477120024,37.14443346,0.062476991,0.077731923,0.067102135,0.002010387,0.855269145,0.217076025,0.66494802,0.04564903,0.104636745,0.113657282,0.274663896,0.415859816,0.09226315,0.544365305,0.558956795,4.649014531,508.5558013,No
0.529371592,72.09872951,2.83304064,0.141811529,0.004019565,0.080433859,0.246859988,0.215482823,0.139154372,0.169449544,0.087814214,0.225930308,0.335728027,1.317827717,2.270367356,0.158146079,0.206599664,4.450939091,325.2642816,No
4.631277102,30.43184971,0.929028566,0.041280377,0.159936431,0.137439995,1.945747919,0.55748073,0.849307044,0.025243552,0.013116702,0.400248157,0.161030832,0.493130631,0.626715006,0.209064996,0.283940319,9.28103179,188.36053,No
5.610668992,63.65732393,0.650476568,0.287172057,0.283683896,0.028274113,2.049128756,0.682851854,0.317582594,0.02014948,0.107095261,0.340053522,0.064782507,2.673599071,1.85817582,0.412007332,0.300227646,2.934582715,14.88527189,Yes
1.206103787,15.11525057,2.13639278,0.27522936,0.345544046,0.330612637,0.767968905,1.135622917,0.804675897,0.037887405,0.07310153,0.166945553,0.306675837,4.446487266,1.5040838,0.913713166,0.340638044,20.41418137,336.3735496,No
5.274004256,118.4961277,1.136658008,0.036806763,0.311066074,0.234982512,0.962144607,2.763016533,0.49033498,0.053319684,0.016176008,0.157215066,0.092576262,0.184674281,0.656553514,0.403754,0.139435097,2.734612602,390.0671458,No
1.605843829,24.71237185,1.219830505,0.119784817,0.41608749,0.162389637,1.080339076,0.427219007,0.568070151,0.075546828,0.057245406,0.165910834,0.001281597,3.494264089,1.287627889,0.115139371,0.140387969,14.71531346,486.737626,No
3.8622665,45.25066519,0.180822338,0.175476569,0.201904095,0.276714063,3.145525361,0.297701933,0.455341753,0.050884317,0.039657437,0.263641221,0.262706202,1.068798132,1.74338327,0.117015934,0.089228332,21.38481156,466.7106929,No
5.314226802,47.51275842,0.980698863,0.008325286,0.547260185,0.046562244,2.565878414,1.151997106,0.287774786,0.08532609,0.147018567,0.386828749,0.239295883,1.688630353,1.485641598,0.22149517,0.199259398,31.70144955,158.5303052,No
6.080699604,18.75840362,0.525277861,0.30279389,0.280286722,0.241371471,0.122812145,0.827732722,0.441072911,0.085168723,0.016231293,0.406298264,0.048521889,3.143425429,0.672265668,0.121161397,0.358589909,35.69205907,17.87075942,No
2.857314019,59.69013388,0.830229196,0.131953128,0.492346395,0.118964377,3.279355903,0.596002493,0.016891259,0.006993646,0.028963878,0.097778437,0.152406719,1.163315946,2.194319979,0.690390655,0.402081932,24.07335488,41.46775372,No
0.275193741,62.78714487,0.548776304,0.096632773,0.072187641,0.010796888,1.849349555,0.389080029,0.367066423,0.00256393,0.205885845,0.365922199,0.078090232,1.373017921,5.419084612,0.294477663,0.44211479,33.53188423,328.59555,No
3.491650239,89.97767606,2.249242442,0.136578052,0.298679561,0.01091486,1.304912726,0.167357029,0.915994559,0.032722745,0.125650329,0.73291262,0.267621523,1.543594115,0.22058097,0.105841362,0.080183496,5.241321375,43.24771109,No
1.432182284,22.50861173,1.023369403,0.166788802,0.57155179,0.275509513,0.537889753,0.555256362,1.195467185,0.001122756,0.06549473,0.188232167,0.157735891,0.946495345,2.803404062,0.170225724,0.574418296,19.64455239,324.8959229,No
0.54520291,15.77809386,0.665393276,0.144974657,0.03830383,0.012365898,0.693429773,0.180697861,0.900227425,0.010194512,0.202168808,0.194570491,0.109790607,2.947625599,2.220896848,0.028656531,0.096201187,0.632423073,179.3716611,No
10.53621711,86.57600074,1.437539404,0.02668562,0.044328536,0.076542947,0.459398301,0.768003055,0.560909742,0.005310816,0.325967066,0.006071131,0.086966519,0.424370947,1.752480706,0.069259112,0.02225421,15.2177842,32.56877392,No
3.395960028,56.38227349,0.38181997,0.043140341,0.506212526,0.101751067,0.41642019,0.221410417,0.347230711,0.058564079,0.004205733,0.040278892,0.104545935,0.105862205,0.557377755,0.097141192,0.096328513,7.056526721,363.4227312,No
1.253343416,96.81397728,0.884575539,0.208562414,0.074320254,0.061778003,0.288382086,0.747581017,0.686726412,0.035214084,0.136332705,0.058191007,0.116033294,3.405900958,3.537943624,0.496674455,0.863102686,30.70180176,653.1169296,Yes
2.408061953,12.62784683,3.555520953,0.100077181,0.160598522,0.157601703,1.162479501,1.613122469,0.685565727,0.051109078,0.489811498,0.287067147,0.335355084,2.872773859,4.171712096,0.820817286,0.384703933,28.31332669,91.66646676,No
1.743497704,30.18160855,3.971377916,0.140679276,0.489862929,0.073909456,1.499792039,0.853222906,0.138830041,0.108727824,0.2786994,0.246232432,0.012324408,0.295749737,0.543510064,0.140388021,0.571617774,21.02687806,274.0593112,No
5.942317787,5.536028608,1.931674714,0.129429196,0.175438298,0.012457102,1.057990082,0.500223443,0.384962009,0.022375649,0.311634085,0.219366898,0.157133155,1.247578667,0.549884098,0.029728494,0.372737828,9.510954789,37.44840574,No
3.393783055,40.18503216,0.985294159,0.174868796,0.079448416,0.169606465,0.482270164,2.167258883,1.981006086,0.015907394,0.015040928,0.059137312,0.017754617,3.138986025,0.84781791,0.321985589,1.009015685,20.99926644,158.6912309,No
7.845089361,88.92007784,4.754810445,0.178603242,0.437352935,0.102074753,1.14782923,0.292727188,0.916483418,0.038341289,0.151034457,0.478073733,0.123019436,1.218047633,0.676754744,0.010262402,0.123489466,32.52927688,215.5434773,No
10.98746196,133.2950595,0.327970682,0.017982739,0.1659138,0.041826696,0.461198916,1.267879393,1.888016843,0.039949587,0.011144463,0.231965504,0.184839824,2.578455522,2.358714051,0.257398581,0.017885144,5.187653877,534.0435341,No
3.111624324,23.67230496,3.177778474,0.156792829,0.562876576,0.119477102,1.189082942,0.132375048,1.761808848,0.02780786,0.075466516,0.22651939,0.189279032,2.548474535,1.908217528,0.054403016,0.333950611,18.1594258,324.4545598,No
0.744892183,13.75669239,0.83090809,0.109553529,0.105266915,0.159370035,3.109930026,0.554417897,0.878759381,0.108916966,0.223070136,0.044027342,0.189724256,1.665711578,3.530124211,0.451312585,0.249194859,21.18547784,294.5176113,No
8.057146643,0.938184848,0.31821759,0.041427089,0.855038971,0.255297992,2.027650921,0.98826567,0.346975213,0.028945601,0.126483597,0.001570347,0.208739431,1.775030241,1.711239089,0.00208319,0.150504894,6.176883834,146.3853694,No
0.472795848,45.82750063,1.822085212,0.026454656,0.434305094,0.154699869,4.533304021,0.029948526,1.021984214,0.064705392,0.019664095,0.573973161,0.030467103,1.473090916,1.568936618,0.024760444,0.856801033,10.66194356,77.50071177,No
3.122369369,80.0708225,5.040612997,0.092464523,0.093890027,0.283468219,5.73195033,0.40314366,3.1806245,0.041556091,0.015374919,0.525364222,0.161164034,2.08772536,2.569641838,0.085412744,0.092327972,13.56298728,476.8337935,No
3.700948911,126.0832619,3.158048116,0.042654571,0.154033307,0.083148953,1.4264253,1.28953357,0.250850173,0.095453861,0.092124877,0.699441605,0.041287428,1.612050904,0.361588923,0.317656952,0.3922976,10.10319374,402.0112779,No
3.728882037,12.42612423,0.564637252,0.280874091,0.105253008,0.083234537,2.145442237,0.462816432,0.136193888,0.143639976,0.093095656,0.158756062,0.120563921,0.785351404,6.263423026,0.509651126,0.037372517,26.51215069,248.7129814,Yes
2.604692832,7.556323999,1.283893999,0.11325803,0.239289503,0.015883553,0.108358324,0.467125785,1.281617981,0.113024284,0.298108459,0.189710403,0.005313745,0.053230021,7.562424227,2.923818582,0.005534274,45.50837975,22.54773549,Yes
2.504534218,18.05191965,0.157792327,0.419974066,0.018296077,0.067015071,1.157161996,0.075906571,0.00520313,0.329733281,0.130622474,0.443546694,0.096689225,3.428944736,2.425977244,2.263334041,0.320733408,37.82236005,68.53727194,Yes
3.928904962,1.251592919,0.017169897,0.162790894,0.374005008,0.128780813,0.16155819,0.404859047,0.326436943,0.031109913,0.174669127,0.100255812,0.120212012,1.504761657,1.182384342,1.779416229,0.079265253,20.47022668,13.65825147,Yes
0.954695117,14.11450012,0.052986635,0.206548365,0.29430484,0.140251658,1.223787368,0.363697306,0.717493944,0.054027982,0.006592335,0.132100925,0.011344242,0.116145837,0.477966062,1.552743981,0.194297054,20.07650705,168.8954565,Yes
3.774890439,6.417213457,0.612714262,0.125253442,0.087780601,0.051747175,0.203810922,0.176065918,0.865579635,0.048158832,0.046327313,0.768593841,0.070542173,3.008199291,2.240876053,2.246616436,0.223422321,25.76332113,219.3535893,Yes
1.742904222,20.67294622,0.91464974,0.162331383,0.016395816,0.10804517,0.666477383,0.267525155,0.204866062,0.070403155,0.251894469,0.46417547,0.117699917,1.047703166,3.921994689,0.848871101,0.063177439,39.87755604,81.19455451,Yes
4.913091908,16.1622272,1.008913507,0.206645877,0.101148256,0.049626775,0.481170772,0.235424324,0.364325146,0.357405928,0.293112448,0.487690246,0.115516577,3.877725935,0.300647989,1.357858062,0.436526209,21.81918524,270.1599863,Yes
3.503494584,10.76807433,1.492979661,0.304898511,0.214430458,0.019590307,0.697681451,0.761786953,1.457681248,0.041285941,0.272211138,0.096553337,0.100327021,3.217480989,2.814721907,2.446551616,0.037642487,19.16879115,298.1052353,Yes
3.020175004,5.786173254,0.019394976,0.411950371,0.125591447,0.0288159,1.038531143,0.741506026,0.538892188,0.266950111,0.090232484,0.103422249,0.628043504,2.520479744,2.798407757,6.335956368,0.049383488,46.5754293,783.71961,Yes
1.162178368,12.39652056,0.346762916,0.115942245,0.230551746,0.072349435,0.469688397,0.036667219,0.355233245,0.115532125,0.174092662,0.635869348,0.20959714,1.181773924,5.142287006,3.198769812,0.082750831,2.816925894,177.2127395,Yes
6.377187525,4.764153737,0.982333816,0.214197002,0.228507896,0.135862581,1.129881548,1.178083539,0.769767372,0.237941434,0.185377138,0.60202748,0.381343688,1.287466423,4.69219571,3.314688452,0.211211228,1.001685494,21.6917595,Yes
12.68662609,12.43781751,0.29271719,0.140707245,0.301965142,0.20433765,0.09350841,0.21085821,0.31215586,0.010843282,0.119466817,0.034148968,0.235685032,1.726207563,0.008076697,7.915657515,0.121449883,23.14483227,3.431702275,Yes
12.40878495,23.76623623,0.244964618,0.209551773,0.001355225,0.07646643,1.395444462,0.685627762,0.12958641,0.03847532,0.55464124,0.169671567,0.150794666,0.366040316,6.599373598,2.674031798,0.537914746,13.55819649,211.3718335,Yes
1.167140183,21.48256316,0.221058969,0.228896229,0.091474033,0.125082283,0.881647753,0.27237335,0.705514173,0.133402315,0.201663047,0.244910096,0.076150886,0.164932443,7.064165401,1.350794709,0.225000581,23.04924834,531.9137613,Yes
1.550527389,25.54825245,0.904378468,0.298162371,0.060761469,6.52E-04,1.159849818,0.426189378,1.042096935,0.014476701,0.065954544,0.137802637,0.193454924,2.409947986,2.058600607,1.686219528,0.099745104,12.19262629,68.05664807,Yes
11.24912586,10.77969942,1.221074288,0.119754293,0.244745418,0.008514007,1.068830052,0.617006605,0.149921687,0.059924728,0.104827368,0.408628505,0.071110825,1.885249325,4.932798501,1.19415896,0.283500457,29.55777014,366.0278883,Yes
10.43020969,5.857940376,0.420273627,0.07565799,0.083003337,0.062139621,1.066117832,0.920874268,0.835684012,0.051676203,0.373202781,0.088390027,0.050157275,0.679645267,0.819658375,0.945432581,0.013293886,11.78717944,354.8975791,Yes
2.273419728,0.1536262,0.164758864,0.095510378,0.30850256,0.008658262,1.036394797,0.041303956,0.187653255,0.009216796,0.267077002,0.06960887,0.009156172,1.144594722,0.539467672,1.512890926,0.461499966,7.410122199,168.8104376,Yes
2.664046809,1.180927066,0.843585152,0.110104614,0.229426994,0.048854189,0.517795871,0.070421089,0.0703159,0.088018135,0.165225794,0.089224431,0.162827922,2.769671408,2.21881617,2.369146921,0.123965666,0.4421085,171.0264762,Yes
0.106284929,27.99391401,0.224589985,0.437265614,0.002839812,0.077949895,1.594036361,0.459700232,0.509638856,0.262721653,0.369327177,0.014757305,0.355343705,1.273392694,0.489993874,1.702885206,0.021762367,14.94504272,198.6379662,Yes
9.666105628,15.24223986,0.812851087,0.07759349,0.019504548,0.007743988,1.934326434,0.16904888,0.214970079,0.153036563,0.067281099,0.32046523,0.340490078,2.702604314,4.810812752,0.072616648,0.558823791,30.82703741,115.2110538,No
2.53406694,1.567650139,1.247730159,0.111983959,0.27502806,0.078918396,0.705126383,0.193758037,0.010653069,0.03993008,0.122730846,0.716025662,0.09314566,0.187097078,0.188801007,1.854420886,0.21148587,19.72300942,924.7298203,Yes
6.442418349,12.58768052,0.337814122,0.180346859,0.027973515,0.16196806,1.261028285,0.216613671,0.408124474,0.046684696,0.066673913,0.131682973,0.024410592,5.087778202,0.395203086,0.6113597,0.048945085,14.42266393,34.76618053,No
3.755861794,3.840025496,0.350219738,0.165866403,0.128169951,0.042235449,2.116619816,0.639017241,0.850959509,0.020222978,0.109472654,0.113068684,0.140130916,0.518564059,1.774272093,0.148380154,0.100576854,27.6560374,263.7434832,Yes
5.068304433,7.536827872,1.609121179,0.215015046,0.07069852,0.125071221,1.295548271,1.141005214,0.747796115,0.149908811,0.123745272,0.1343062,0.187247252,0.73963675,1.786254129,4.713735126,0.122672799,19.63969813,608.0283831,Yes
1.299748286,3.764530975,0.878729296,0.001780352,0.100955398,0.245406571,0.878832041,0.488993824,0.099116611,0.176200069,0.045867482,0.52175325,0.179517194,0.968592419,4.333533069,2.486378671,0.050067408,5.148833454,443.067662,Yes
2.827631787,1.55339643,1.131058981,0.114386703,0.05128614,0.063268899,0.813059833,0.050684126,0.520016737,0.15459659,0.119110768,0.123010559,0.092695536,2.69599823,3.323276776,2.815293395,0.190072302,11.38288763,303.5170269,No
3.052935179,18.53783962,0.400993534,0.217428623,0.061054922,0.184619131,0.719013793,1.34880291,0.165252415,0.007693556,0.209554646,0.269989188,0.412950742,1.187277745,3.956446686,0.159732433,0.213840401,4.132150736,81.24464387,Yes
2.764957572,8.348411853,0.817752052,0.194452213,0.059185747,0.00928515,1.444570992,0.807851452,0.021249424,0.197305972,0.143008929,0.395754822,0.069382502,4.670762585,4.358936382,1.151299253,0.310968309,20.42259008,76.91894328,Yes
6.166713486,17.19406004,0.477276926,0.061879904,0.080767998,0.01180226,0.293953386,0.189005249,0.303294836,0.029593308,0.193002132,0.507138084,0.159952923,4.331778517,1.036219804,0.334683023,0.114683816,10.45515851,123.3204725,No
5.880654824,1.259217988,0.850026795,0.038467213,0.457555284,0.013513987,0.557037508,0.041996261,0.501332132,0.337250551,0.017963039,0.217726174,0.18757178,1.006681388,3.896704097,2.897613287,0.367640695,3.463963653,224.8800502,No
6.275170497,26.90159364,1.775763496,0.045864371,0.284182626,0.04312626,1.09823379,0.245285118,0.976935077,0.029942274,0.150586281,0.198486234,0.047365649,2.412223787,3.549148622,0.549126402,0.262634096,5.292792306,422.4349388,Yes
0.287745296,0.039608673,0.803562509,0.224361702,0.082615811,0.042320917,1.805479774,0.429809947,0.826160593,0.316189593,0.034826259,0.510338916,0.149258464,1.251125385,3.452072547,1.731823846,0.310826749,26.04302173,210.1967833,Yes
5.270752284,1.260868826,0.236698975,0.08478887,0.429791789,0.122655633,0.237556911,0.07949651,0.26179152,0.084381764,0.058735789,0.167782756,0.143908959,3.037874526,4.306113807,4.927239327,0.189707941,8.548690634,315.7434319,Yes
1.214703422,15.56568895,0.302814069,0.070469585,0.158713217,0.076093997,0.098256571,0.464426478,0.744610031,0.103106929,0.018312676,0.731329415,0.223437648,2.833456747,0.78289301,1.137669139,0.099485006,21.86507014,273.866251,Yes
5.766614504,11.78473784,0.459587551,0.02161682,0.266618879,0.004511486,0.057400228,0.254653677,1.014508606,0.003490396,0.024692228,0.074190157,0.009143234,1.555654102,4.15336834,7.127578233,0.307345972,27.13829049,109.0215661,Yes
0.001129226,26.64192933,2.448374526,0.144963173,0.212489624,0.003159122,0.926262834,0.058884684,0.176492203,0.330334406,0.086497499,0.316618934,0.023362099,0.394159801,6.442625689,3.690044032,0.171365075,11.73892736,504.1459282,Yes
0.479252395,0.035570757,1.706205298,0.173421212,0.015045431,0.100245206,0.550325918,1.012087396,0.354626528,0.183979748,0.035395907,0.077982758,0.025357579,1.685524226,1.297274085,2.840085497,0.850564756,4.061022112,101.7165553,Yes
7.05881021,14.1147159,1.312558294,0.333446622,0.083579829,0.105540988,0.45142579,0.397337655,0.927088393,0.122083328,0.213989598,0.029050458,0.136727201,2.122914216,1.453379607,0.186626197,0.065528134,2.722458894,15.56835815,Yes
0.997459316,2.854231081,2.040154364,0.543321896,0.008062109,0.025382155,1.466806679,0.0362319,0.515703114,0.237675616,0.121316847,0.478231279,0.257236191,0.692784061,0.445784915,0.932786414,0.299881128,23.54919586,166.1422643,Yes
5.224860973,14.17965078,0.108437884,0.03934956,0.071157742,0.039132715,0.195257809,0.329687049,0.488095902,0.006253418,0.314331909,0.114423195,0.126872352,5.391020876,1.592732325,2.251036131,0.177787946,59.79384406,188.6047262,Yes
11.35359452,6.605639823,1.204958396,0.203924038,0.099619103,0.125549235,0.722289809,0.195693193,0.50534068,0.086940449,0.082730996,0.22913643,0.239413728,1.491424851,0.485719834,3.110885684,0.058973685,7.713302956,227.8798888,Yes
3.373212457,20.00111278,1.111031967,0.151685717,0.09888406,0.057764871,0.48280428,0.751396125,0.019261173,0.039103698,0.033410806,0.701461149,0.076328287,0.729156416,0.235638355,3.34019771,0.039574447,2.064915203,307.0469889,Yes
4.273464266,0.038536189,0.316886069,0.259285446,0.002997939,0.018296805,0.72861422,0.22234028,1.584351019,0.126543802,0.067256825,0.130564967,0.230289785,2.434923872,1.611644364,2.581092109,0.086123679,22.41320323,67.57233879,Yes
2.344372237,16.40571255,1.900155435,0.081661855,0.323822492,0.110198473,1.2284765,0.175353514,0.00932031,0.243322991,0.172966535,0.113852218,0.298337802,0.168357796,0.169605392,0.284168447,0.351409457,16.65125745,180.7510367,No
4.245112868,17.14294114,0.515193588,0.317791042,0.161850043,0.141731593,0.186570241,0.590386621,0.868778986,0.303494745,0.369793318,0.439229278,0.123065642,4.290066619,7.201707829,0.229042277,0.042520113,8.161117456,389.7336266,No
0.009391093,4.902564088,0.148679277,0.00493246,0.014791483,0.054919039,0.185631284,0.329593889,0.249025663,0.214520375,0.078629238,0.068145519,0.042742072,6.289679515,1.690298081,3.588830053,0.23070127,34.48082097,362.2551479,Yes
8.896769322,16.92921365,0.641386926,0.07264404,0.243107536,0.141564108,1.0218843,0.300070355,0.273929242,0.121599956,0.099538621,0.072375022,0.083587351,1.468538889,2.801458066,2.582757751,0.28505695,6.408689282,705.9281318,No
5.521518133,9.692148756,0.087879371,0.130697416,0.186949489,0.018754496,0.116776606,0.872612947,0.50984967,0.051818506,0.038976667,0.110992506,0.158836029,0.244676237,2.951460997,0.744724661,0.59599379,40.01470778,718.0821592,No
7.620378082,14.2973012,0.338530981,0.019253212,0.014930617,0.02779943,0.555439408,0.091337313,0.608380221,0.11386271,0.203688183,0.34116181,0.112259371,1.624697968,5.553646888,7.271205286,0.089277655,1.601840881,211.0964059,No
2.817802205,3.791462622,1.253006681,0.136226335,0.11945309,0.008730344,1.464954963,0.69891851,0.183004727,0.057409117,0.111887437,0.323824108,0.127718243,0.151984296,1.967212387,2.09725942,0.211007666,19.05133507,281.0822543,Yes
4.316149538,3.694276695,0.301113426,0.148733966,0.238787965,0.005615852,1.203281758,0.251807271,0.441733611,0.077979502,0.217665519,0.088641767,0.118004477,3.746064429,5.510328149,0.110254329,0.187428558,7.867196336,178.868601,Yes
2.290413602,25.58277456,1.113765508,0.20351623,0.086581424,0.018444008,0.386136098,0.130092468,0.272048637,0.051083221,0.034013519,0.253426585,0.13914846,0.937685574,0.024900528,1.268023539,0.012539188,13.82638399,138.5726442,No
0.333017246,31.69763175,0.438112933,0.241366568,0.025039902,0.002202752,1.129583738,0.06557028,0.427197385,0.007521348,0.11278251,0.077993328,0.050340897,4.008461691,2.052165013,1.215429227,0.009493948,4.787524991,21.17698101,Yes
7.070598649,8.53541493,1.634631053,0.234061002,0.09260419,0.08680571,0.832349967,0.689718555,0.150458741,0.209652041,0.059406331,0.306633916,0.141374927,2.902363978,4.364299172,0.30208877,0.14610399,2.584875032,510.5371553,Yes
1.337101217,8.599925387,0.203513094,0.085253619,0.13413897,0.123418596,1.460495127,0.523286487,0.924305903,0.107611551,0.118399062,0.077179413,0.042050221,1.505119891,2.678156345,1.376106812,0.205625926,26.7298021,13.89107608,Yes
6.294484526,11.47502036,0.623437217,0.333867845,0.160333592,0.015774145,2.107656957,0.196743639,2.944648274,0.064384448,0.174287365,0.04784327,0.135818574,0.722982371,2.123609634,0.08359614,0.671896791,31.03138421,225.7494989,Yes
9.817718182,25.91234742,0.28629093,0.202466295,0.035815109,0.009756936,0.936258423,0.26080991,0.056183806,0.04452244,0.032574957,0.177675757,0.064560728,5.772796187,3.212987009,1.926424653,0.228143513,6.427609241,101.0530554,Yes
1.847896253,5.054451162,0.63810496,0.115552476,0.010649542,0.128815434,0.498110208,0.078384317,0.007718361,0.146962387,0.125870208,0.784185387,0.138652265,6.207476602,4.921800224,1.426228772,0.13319672,15.78747917,346.3763835,Yes
8.006531978,27.2977721,1.346454408,0.334464846,0.228866362,0.071495652,0.281700747,1.034076009,0.546872999,0.072012678,0.188345817,0.026341849,0.30670033,1.200457356,2.449867276,0.031462719,0.169211598,11.41969541,207.2810284,Yes
3.087160707,6.082060779,1.222380577,0.236341722,6.31E-04,0.076183386,0.402744867,0.300703913,0.950138809,0.095734277,0.227304907,0.293717769,0.020539218,3.313639945,2.105368253,1.475267929,0.079245012,5.041476257,43.56328973,No
2.955465443,7.855350746,0.320827754,0.035818533,0.232576547,0.068182177,0.331701754,1.301502803,0.039586902,0.072045878,0.03671318,0.123046622,0.350076602,1.115089516,1.223957686,1.187097639,0.196804201,9.993759041,248.3797677,Yes
0.620537351,1.946028702,1.105081542,0.378227175,0.222583451,0.174880104,0.440805039,0.48292369,0.501420058,0.053944641,0.347443832,0.034245993,0.20592286,0.869434496,3.321082522,3.304093557,0.066668979,8.059949833,292.6142072,Yes
12.16925523,19.4210423,1.483685061,0.565903836,0.135166151,0.055480478,1.729725074,0.144678333,0.846045817,0.06022525,0.323623301,0.263844763,0.307451611,0.619175245,1.302100253,1.215375855,0.070903297,19.16479526,143.7229269,Yes
6.029663158,15.95884915,0.956789078,0.252556209,0.079820234,0.04334094,0.812291435,0.417676389,0.810468121,0.053073796,0.101314887,0.090268585,0.070131751,0.229147267,3.601119942,1.340340911,0.445111438,41.02282992,23.97390597,Yes
1.147378687,12.48439307,0.424100669,0.488879665,0.094432563,0.107826943,1.056941954,0.072595985,0.186211042,0.041259985,0.016820993,0.347862595,0.034816102,5.873371349,4.84593644,4.848899503,0.152069676,4.241623273,212.1095758,Yes
0.66136615,3.460203086,0.7513652,0.135421509,0.313047856,0.119685595,0.513994573,0.106958691,0.79556274,0.263639101,0.098578498,0.819314436,0.13146131,2.534102892,2.275976265,1.570950427,0.019198452,31.86772912,10.13188663,Yes
5.942743829,11.45055669,1.00170015,0.047324557,0.087504974,0.032645037,0.286400117,0.581785806,0.009894408,0.176226028,0.009719734,0.306751057,0.038631926,0.094867919,4.484457023,2.493525303,0.343238767,6.146320456,378.5538615,No
1.171570205,29.36254884,0.225388979,0.098231928,0.036744296,0.056964103,1.165190075,0.072648494,0.540325345,0.269696307,0.191297712,0.16811459,0.280406118,0.387834256,1.798172599,2.985642876,0.435918134,28.66018363,101.6515262,Yes
2.07586714,12.06849754,0.44797203,0.024801509,0.016470824,0.015781059,0.300944914,0.844353284,0.328176693,0.379519208,0.185584797,0.36043801,0.049944322,0.05579674,3.909231669,3.685581194,0.161310536,5.179839834,303.5040772,Yes
2.661010363,0.637689674,0.392789408,0.30693346,0.142789575,0.056327768,1.31522874,0.272248501,0.058716594,0.209247592,0.128979678,0.556693842,0.094139404,2.051681863,6.805322776,2.488767102,0.171238895,3.403400429,38.58215649,Yes
0.998936271,29.08883667,0.790255249,0.015590917,0.178598064,0.054262772,1.825441725,0.136005325,0.148958128,0.015800959,0.233206247,0.421457848,0.081976369,0.809167152,3.952295332,1.594585086,0.109318145,1.321327628,166.3417269,Yes
0.917595299,1.174941374,0.80772717,0.212852749,0.218214339,0.10497637,0.22580389,0.679220819,0.462450738,0.083502466,0.379425345,0.435937487,0.153366441,3.863904827,0.23285765,2.931179495,0.061703382,14.94701376,70.81548389,Yes
6.254723743,9.471698083,0.330531627,0.407752704,0.126657337,0.057794993,1.772310667,0.161124511,1.131256647,0.190444261,0.139333479,0.012691042,0.291942319,3.160267827,7.85282866,1.09430201,0.41021634,3.493548891,108.9091514,No
0.688655051,0.608481915,1.462662753,0.122100558,0.017674517,0.039208293,0.963637369,0.57076295,0.032458233,0.319499876,0.098051781,0.465302904,0.120988412,0.210936643,2.733564141,2.32221804,0.081279513,21.83287415,115.6268171,No
2.667587845,12.27688225,0.13095374,0.142951829,0.205722431,0.135851387,0.014141273,0.019767514,0.02897167,0.082336484,0.524037893,0.420350279,0.089965683,1.875158326,0.883273297,2.9252234,0.447228611,0.113012004,229.4978547,Yes
4.264349906,2.88947548,1.121074735,0.32713677,0.050575402,0.049135949,1.307023806,1.029900899,1.464788369,0.00156376,0.172164088,0.189702444,0.239224454,2.614149368,1.736928973,2.03471005,0.073653315,4.287995364,383.7045236,Yes
3.304269419,7.657356894,1.08398412,0.084051667,0.008328274,0.012391657,0.355869702,0.402002634,0.846363183,0.038192055,0.077919568,0.651148651,0.329336889,0.878766506,2.057250353,0.023041358,0.389953553,18.83962197,366.8637199,Yes
3.809996332,5.180221073,1.587410353,0.114695139,0.283869541,0.198165722,1.378764518,0.2991174,0.834797775,0.009524598,0.442118833,0.294810457,0.297455954,4.729672458,0.192458056,2.820456264,0.567349484,24.72103223,382.3855142,Yes
4.927980774,2.21217025,0.560715736,0.038474786,0.096207987,0.213376427,0.070988362,0.669896768,0.259673846,0.240833194,0.076697212,0.174121037,0.053776963,0.098316898,4.192526106,1.474072664,0.019962556,60.65225013,21.13338101,Yes
3.526188816,10.37388553,0.382001832,0.203853871,0.032180324,0.030578579,0.798032049,0.865961609,1.226864641,0.013589754,0.157926461,0.084001811,0.206110835,1.383862529,1.216785946,1.071338891,0.215894862,5.048772117,137.6325064,Yes
3.455405126,6.51187487,1.116982652,0.039796808,0.210912947,0.074018339,1.983319165,0.759014731,0.364654261,0.02899258,0.136657546,0.250686844,0.085018527,0.578821934,3.197370396,5.401901274,0.111627332,18.00606688,166.5092007,Yes
0.711340099,10.45362996,0.584146938,0.235814715,0.204833294,0.266225908,1.172292106,0.242014991,0.189071934,0.13482682,0.353671387,0.242911571,0.213666308,1.732821765,0.209314154,1.103087934,0.019564958,16.18159768,519.0797629,Yes
3.875812964,7.775436463,0.203711206,0.233389752,0.055327354,0.249888473,0.417733414,0.646028237,0.359907778,0.277953206,0.138588754,0.3548363,0.167046508,0.978874102,1.282969035,0.85165228,0.194126114,16.44806634,135.9235053,Yes
7.989341027,6.652971987,0.675163638,0.136369135,0.343772442,0.016756569,1.39924642,0.58655893,0.381518925,0.004959454,0.04241088,0.281597984,0.008329576,2.046489569,3.193279877,2.568411093,0.00169574,40.34249561,275.0935119,Yes
3.001136206,11.54451088,0.450385893,0.217609916,0.136283203,0.018365278,1.835995836,0.406661759,0.171471677,0.077657185,0.267254038,0.245133896,0.141753475,1.205564311,1.10482497,0.920851038,0.234227427,9.097204181,57.52308889,Yes
2.400308912,4.607022601,0.388179108,0.111983193,0.028486618,0.117106618,1.020319993,0.042807522,0.110126673,0.014319423,0.012658587,0.221102157,0.417757484,0.414843182,6.164644131,4.854436649,0.195017543,26.36271386,343.3171208,Yes
0.926158231,4.106870041,0.193006464,0.106178251,0.222493378,0.031103389,1.219433838,0.815342735,1.219033465,0.103396421,0.171267812,0.208871795,0.273865125,2.530591547,0.022700548,2.962949387,0.055017301,33.70351688,18.12355241,Yes
0.945726042,12.97691483,1.227465876,0.257325085,0.062808109,0.175127041,1.356424201,0.148886297,0.179655173,0.042247643,0.069584521,0.128741969,0.485554962,1.386092035,6.900273677,3.095001628,0.268150731,28.21088586,63.61503839,Yes
0.243033304,12.99396967,0.133510837,0.137535102,0.195051411,0.045781759,0.305499747,0.092654129,2.083310226,0.123568749,0.068805494,0.273025495,0.053292504,0.805952307,0.301776385,0.710495125,0.389353969,2.067140913,190.7809553,Yes
0.718472916,17.06844539,0.328637768,0.313605919,0.017735882,0.040873396,1.289397402,0.279110166,0.941544948,0.112475063,0.032383286,0.505030748,0.02710208,2.956372811,1.474120037,3.389810261,0.131421508,5.115537109,237.219714,Yes
2.967375014,4.306766946,1.195057206,0.289186571,0.197690637,0.098884782,1.58061758,0.543355251,0.249424978,0.154862027,0.082263125,0.105434587,0.019084684,3.214324497,0.558908651,4.695348082,0.013127124,8.541653452,45.5574963,Yes
7.371986723,8.274662236,0.197745942,0.347547905,0.162001525,0.084446721,0.32234055,0.531125136,0.342125676,0.16620312,0.246790627,0.410497567,0.194504494,0.302654256,3.303259583,0.76486656,0.220998319,0.636060366,255.9702657,Yes
1.277674309,15.24739104,0.087025429,0.398515597,0.143346218,0.011863638,1.766024353,0.043376936,0.815635424,0.19730571,0.079151054,0.142844663,0.266133798,1.279593466,0.690239758,1.266123035,0.006697104,5.165972308,183.8108539,Yes
1.452352246,36.27184315,0.432011393,0.127473444,0.139109149,0.003288544,0.334501401,0.302622671,0.103090247,0.028638533,0.238410315,0.319180368,0.19436898,2.457919544,4.555444256,0.318819967,0.077890698,12.13777962,100.7249591,Yes
3.361434315,6.924908754,0.292930027,0.283283247,0.12611905,0.081141081,1.542620657,0.570353049,0.538839624,0.023312443,0.046452892,0.21647516,0.451726162,1.839405665,4.997022033,1.215210662,0.004056257,7.544936423,582.4195415,Yes
